PMID,FC_7576301,FC_8593205,FC_8924224,FC_9015311,FC_9245791,FC_9443089,FC_9569056,FC_9584145,FC_9649126,FC_9681800,FC_9732293,FC_9832560,FC_10330400,FC_10352017,FC_10491393,FC_10525535,FC_10662776,FC_10811821,FC_11056682,FC_11086000,FC_11157977,FC_11285283,FC_11381093,FC_11401727,FC_11532215,FC_11564752,FC_11591730,FC_11690545,FC_11707154,FC_11737944,FC_11790258,FC_11870542,FC_11879553,FC_11983060,FC_12049663,FC_12058019,FC_12095422,FC_12135983,FC_12147673,FC_12175426,FC_12184807,FC_12184811,FC_12225587,FC_12354330,FC_12429061,FC_12429067,FC_12537560,FC_12538638,FC_12556960,FC_12615908,FC_12659637,FC_12682085,FC_12803655,FC_12823867,FC_12930545,FC_12950995,FC_12962547,FC_12967349,FC_14517204,FC_14557250,FC_14562023,FC_14581449,TA_7576301,TA_8593205,TA_8924224,TA_9015311,TA_9245791,TA_9443089,TA_9569056,TA_9584145,TA_9649126,TA_9681800,TA_9732293,TA_9832560,TA_10330400,TA_10352017,TA_10491393,TA_10525535,TA_10662776,TA_10811821,TA_11056682,TA_11086000,TA_11157977,TA_11285283,TA_11381093,TA_11401727,TA_11532215,TA_11564752,TA_11591730,TA_11690545,TA_11707154,TA_11737944,TA_11790258,TA_11870542,TA_11879553,TA_11983060,TA_12049663,TA_12058019,TA_12095422,TA_12135983,TA_12147673,TA_12175426,TA_12184807,TA_12184811,TA_12225587,TA_12354330,TA_12429061,TA_12429067,TA_12537560,TA_12538638,TA_12556960,TA_12615908,TA_12659637,TA_12682085,TA_12803655,TA_12823867,TA_12930545,TA_12950995,TA_12962547,TA_12967349,TA_14517204,TA_14557250,TA_14562023,TA_14581449
7576301,1,0.069200074,0.179483838,0.076891171,0.0915456,0.169153631,0.112432134,0.084673005,0.055185669,0.111109191,0.073824573,0.089279686,0.099932156,0.09892792,0.097690889,0.135097613,0.089289846,0.085515467,0.218850227,0.092197758,0.11991171,0.06366348,0.093380447,0.08555897,0.241842722,0.093130567,0.114221868,0.131439826,0.137677256,0.1802634,0.170017424,0.194520168,0.164863425,0.238717452,0.149869629,0.10094536,0.130347213,0.125580305,0.11031166,0.201562021,0.201810977,0.24782627,0.196243207,0.099801888,0.21108018,0.140760072,0.240147377,0.090995126,0,0.112827473,0.099336498,0.100580928,0.083292282,0.150877222,0.068443599,0.060653679,0.123888169,0.124070693,0.08908845,0.061730721,0.031397317,0.060587695,1,0.073126611,0.206624201,0.085470238,0.107365003,0.198223961,0.11952859,0.126091836,0.078840819,0.123141556,0.11017594,0.097118153,0.082840024,0.088333352,0.085992505,0.080921345,0.090105739,0.108235563,0.018042454,0.083869171,0.141584046,0.083938006,0.112415473,0.077886098,0.058438637,0.071635827,0.101323499,0.097979325,0.082662293,0.117814218,0,0.167558525,0.054072322,0.133272735,0.041065163,0.118286984,0.084383922,0.086997717,0.09401064,0.048271838,0.060827452,0.093430057,0.066227595,0.097857104,0.045372839,0.089119097,0.122593308,0.02219203,0.084679992,0.073696439,0.040073328,0.083491384,0.071210307,0.068228079,0.067889036,0.068790391,0.129167621,0,0.098273342,0.091656465,0.10325577,0.097174152
8593205,0.063373288,1,0.166339181,0.040419208,0.030514028,0.015804277,0.160136712,0.04706845,0.014574658,0.060653798,0.041567167,0.044249266,0.058724093,0.018060441,0.046874466,0.041209633,0.03612629,0.049930661,0.26998007,0.026566733,0.053585547,0.017102363,0.019422117,0.082814446,0.151450226,0.032873447,0.057980641,0.036085801,0.088306636,0.121934998,0.127790436,0.096615393,0.077992778,0.136942767,0.101841656,0.040960711,0.10723474,0.116241758,0.057238343,0.190510857,0.139179377,0.138322536,0.125521916,0.090475886,0.132367521,0.054751954,0.140477577,0.029260503,0,0.067679665,0.074938412,0.035088382,0.038906917,0.096939696,0.012776326,0.053193925,0.105273338,0.079809873,0.0647295,0.090903655,0.022588816,0,0.056732711,1,0.189404482,0.012403668,0,0.017287306,0.139371417,0.034472907,0.013744949,0.052398761,0.008140237,0.017583706,0.004282035,0.004041754,0.008690227,0.009378346,0.008445673,0.0267491,0.07577659,0,0.010574232,0.01079288,0.004406105,0,0.036508603,0,0,0.03687134,0.01510531,0,0,0.034441086,0,0.020707741,0.022369929,0.009507088,0.042166454,0.015840804,0,0.028762939,0.023567121,0.014044955,0.048301412,0.019415842,0.022965975,0.006310505,0.017797914,0.075166461,0.041076355,0,0.023644485,0.002534325,0.023922849,0,0,0.022298009,0.015109739,0.02008034,0.026917068,0,0.114010519,0.008953154
8924224,0.250040213,0.189951112,1,0.182632533,0.187410113,0.12257553,0.159471847,0.173657937,0.079955884,0.103043282,0.115793887,0.104627195,0.119595777,0.139540996,0.200824173,0.214450443,0.201040372,0.109155365,0.347665991,0.193432984,0.241301962,0.132138389,0.173168862,0.16176836,0.227810695,0.186143338,0.22523714,0.117421435,0.167600777,0.255405337,0.171007738,0.191911361,0.228422755,0.144216308,0.183618981,0.207109605,0.18311049,0.26418254,0.21344116,0.19663677,0.16778542,0.205803023,0.176170101,0.15207118,0.187513818,0.172548506,0.196079697,0.200442201,0,0.223189218,0.175007826,0.122246338,0.128538695,0.174359518,0.079949004,0.129865476,0.168616704,0.197631327,0.242032379,0.173092489,0.043768614,0.108480317,0.266291989,0.187275612,1,0.117496419,0.120297035,0.149413056,0.153164763,0.144111497,0.093899563,0.111867928,0.102884761,0.107242688,0.093213326,0.100362979,0.127676208,0.080244668,0.129945024,0.104104122,0.124493978,0.115197061,0.155927319,0.135536436,0.141282704,0.073105361,0.094791863,0.10561154,0.10105755,0.076862697,0.089820917,0.074094135,0,0.151850616,0.083330355,0.075820389,0.050037462,0.135130334,0.081792412,0.117288295,0.083447086,0.065738568,0.0741176,0.100327664,0.045190665,0.085696239,0.072416939,0.097355299,0.08757063,0.029243734,0.121521982,0.020508138,0.048828922,0.079570926,0.086768997,0.111334847,0.082722065,0.046939399,0.078759483,0.028985827,0.211963498,0.095309021,0.171313502,0.094498772
9015311,0.014353579,0.009452179,0.024465608,1,0.187170143,0.031529079,0.045043408,0.159698243,0.067120951,0.034744053,0.188500263,0.146517425,0.138704513,0.081284554,0.334121277,0.247876333,0.324586474,0.11119788,0.124643118,0.219334913,0.429487347,0.145703099,0.17121067,0.219632172,0.082518003,0.22545698,0.286581555,0.09663992,0.239574384,0.141733724,0.099743332,0.148513986,0.106924136,0.091464321,0.069797932,0.233595386,0.130746565,0.297635261,0.258457045,0.12777557,0.071405838,0.09062792,0.066547372,0.078708329,0.134887048,0.134352162,0.129953287,0.217639408,0,0.152857319,0.05132561,0.23876207,0.147466877,0.075253033,0.032048509,0.06362114,0.131579298,0.099726545,0.19798268,0.204622811,0.005777739,0.177289729,0.084979036,0.01315456,0.088659055,1,0.066016932,0.108313432,0.072785193,0.17451782,0.287097942,0.122662247,0.104682803,0.120988177,0.314565514,0.175413372,0.363676214,0.099094131,0.347122541,0.117774989,0.006324114,0.088714077,0.411243403,0.088732967,0.087452097,0.043112526,0.06488247,0.329221796,0.095579726,0.065465417,0.228028505,0.073017834,0,0.11316966,0.09619157,0.051761236,0.069359256,0.349983137,0.099087376,0.133445275,0.067336401,0.067039028,0.066982994,0.076440939,0.031271721,0.074254057,0.071607723,0.10689324,0.10618456,0.01888742,0.066324646,0.015504744,0.059291884,0.08310428,0.068719916,0.057529144,0.057243267,0.03944223,0.083695348,0.041034364,0.122026333,0.070809228,0.065209533,0.052976974
9245791,0.023615643,0.014446907,0.034503084,0.234910174,1,0.030586385,0.033976392,0.122622953,0.029477598,0.024564389,0.136618807,0.084755555,0.087278568,0.201089498,0.298361239,0.214517882,0.26519845,0.10127131,0.106756511,0.259947593,0.216515798,0.201035825,0.247573678,0.230077424,0.099161832,0.260739814,0.221247054,0.101856397,0.106310781,0.207007593,0.119064056,0.127656311,0.109022556,0.119402153,0.076093092,0.198242708,0.132058472,0.228869435,0.240807281,0.13955234,0.099811422,0.117745606,0.099178884,0.066813818,0.133342437,0.136261038,0.175457038,0.256573666,0,0.19208601,0.060700728,0.190652601,0.152148231,0.073616806,0.052025616,0.096525412,0.123640643,0.089365548,0.222262259,0.173550884,0.009849157,0.202483037,0.108438037,0,0.121893411,0.082775774,1,0.094605836,0.078315067,0.08910155,0.087025858,0.086526065,0.093178905,0.128049111,0.109352186,0.204803336,0.131952792,0.095370714,0.201981875,0.132876794,0,0.108242831,0.107046263,0.093186659,0.124902421,0.076638635,0.0610057,0.09457075,0.111888161,0.087811434,0.086293441,0.167833157,0,0.104235926,0.085196513,0.10151701,0.042869053,0.104763669,0.070074762,0.113476011,0.129707236,0.04149954,0.06349945,0.085954638,0.052543974,0.081087266,0.039007257,0.098582893,0.075025187,0.064029073,0.088353648,0.025928823,0.041833649,0.088464864,0.103878186,0.071225168,0.070871231,0.086174617,0.090385777,0,0.134966151,0.124044093,0.073574713,0.179821051
9443089,0.20229016,0.01702853,0.101395534,0.160845495,0.122980759,1,0.110382472,0.096211889,0.071566387,0.115623913,0.144677998,0.154845463,0.121602919,0.055223322,0.127025002,0.123065117,0.092389915,0.124114444,0.238361027,0.107646433,0.124168484,0.079039557,0.078329058,0.113380978,0.224204944,0.081949366,0.133904686,0.153441278,0.228191591,0.153973666,0.20354873,0.174746176,0.168264908,0.167347607,0.166024396,0.092083125,0.207340994,0.220604901,0.103097349,0.148316993,0.21318562,0.182291247,0.19922407,0.117275774,0.225879678,0.154206886,0.189726026,0.109943994,0,0.123630411,0.089996058,0.153999151,0.119254448,0.158607062,0.09715588,0.142771151,0.150787136,0.141288065,0.095515244,0.087067802,0.037747656,0.07898946,0.204674602,0.021020329,0.123450158,0.124495384,0.09063463,1,0.106968091,0.114042839,0.085503039,0.129184297,0.069722263,0.132752727,0.087014862,0.08669235,0.130327649,0.123321944,0.078532308,0.123166043,0,0.098618922,0.092621874,0.086648372,0.094444596,0.045387449,0.108794959,0.067490284,0.109216469,0.087611918,0.118034466,0.062752042,0.008084494,0.142744021,0.083038156,0.104780426,0.080715203,0.097535814,0.114853843,0.123170179,0.083505367,0.042850008,0.109377116,0.124620912,0.039976519,0.128327427,0.10435641,0.098595706,0.126708227,0.00689855,0.084786777,0,0.068355501,0.064996309,0.101712915,0.098488914,0.073177505,0.062285222,0.132812152,0.047009255,0.092115712,0.090519688,0.101102781,0.050804855
9569056,0.100747465,0.14591305,0.121000904,0.193533792,0.145852738,0.093394377,1,0.164554771,0.085682999,0.085437386,0.144758067,0.102611196,0.096425398,0.07653004,0.183861165,0.153767663,0.146561886,0.075740595,0.279285215,0.151526615,0.194060822,0.115513856,0.150365811,0.147646568,0.173655808,0.17516272,0.165520505,0.083739359,0.220135175,0.169657851,0.124339483,0.165535897,0.168237238,0.111308363,0.129118128,0.199248755,0.145836467,0.177041694,0.169191087,0.214707973,0.154180923,0.139699485,0.128312935,0.089322756,0.141287672,0.12773976,0.146356905,0.137677341,0,0.158795058,0.068579944,0.136901808,0.08135835,0.099857834,0.067205747,0.112836078,0.131883121,0.125569465,0.137764952,0.181222778,0.075432353,0.115134939,0.122891394,0.175440521,0.160454821,0.101905962,0.075967527,0.122482554,1,0.137819045,0.104357898,0.10374719,0.099108366,0.124811166,0.080571955,0.102328448,0.103657761,0.080410247,0.088940286,0.064124591,0.063767917,0.078527662,0.127196675,0.090263078,0.095013765,0.038042548,0.106273978,0.078307153,0.068562633,0.088520981,0.171685657,0.052597087,0.01269938,0.082332122,0.064426783,0.073340405,0.05705305,0.087237838,0.096267425,0.114540875,0.088483057,0.076962284,0.075975398,0.092406746,0.050260876,0.087873454,0.083823616,0.080516068,0.080804692,0.021683175,0.090104172,0,0.071233112,0.058998975,0.085673232,0.082550779,0.070565079,0.070749063,0.160749909,0.056554531,0.116339192,0.087383012,0.217826177,0.056764153
9584145,0.03120704,0.014763757,0.039483086,0.227551811,0.168654434,0.029629876,0.046456018,1,0.036859568,0.033218496,0.207953912,0.108567577,0.117143992,0.089358602,0.208789875,0.186281684,0.18849555,0.15870366,0.103157418,0.178336517,0.2131025,0.11770012,0.184889999,0.208575276,0.066948437,0.162264419,0.268348462,0.106718078,0.124806328,0.115793023,0.071312534,0.184181486,0.121008853,0.090265856,0.050420936,0.127663551,0.084518865,0.280073787,0.143829793,0.09719469,0.094919711,0.073686145,0.081671519,0.056043668,0.116627733,0.093780147,0.109197438,0.149101577,0,0.129299115,0.040030561,0.217192478,0.107939724,0.052116115,0.034334052,0.063315242,0.086987508,0.113487353,0.150340952,0.148438957,0.009739787,0.12541811,0.088520885,0.037996141,0.109527044,0.156138626,0.058965639,0.090172814,0.095250099,1,0.094012342,0.090038254,0.082191694,0.117089363,0.095146698,0.10086409,0.103720349,0.080039476,0.092859151,0.079680677,0.020637877,0.057117658,0.148748863,0.061341629,0.069560251,0.086715003,0.076684887,0.119266785,0.152181087,0.076455521,0.069157818,0.047450033,0.010968447,0.20895635,0.037771696,0.068443624,0.05845562,0.094574544,0.099172923,0.107386118,0.098818542,0.064256538,0.065619908,0.112270096,0.051483746,0.077806816,0.061427926,0.063966955,0.107899407,0.021224779,0.068933678,0.013133453,0.070553558,0.11654655,0.065603691,0.059940684,0.060947019,0.041781584,0.069061306,0.030283534,0.08525607,0.086641951,0.073052265,0.036779148
9649126,0.074487591,0.028759386,0.076788988,0.340976633,0.162690663,0.079477846,0.114039574,0.158927863,1,0.088351554,0.121128881,0.090428268,0.542017087,0.225787653,0.340424309,0.145480305,0.228140305,0.073101202,0.181094153,0.144233179,0.292257594,0.122052462,0.120036357,0.12642756,0.095178549,0.285344868,0.164536228,0.077241411,0.368375513,0.131801664,0.136709636,0.185449449,0.168206446,0.116283093,0.129497687,0.448963666,0.089989131,0.20853842,0.107237798,0.220262465,0.12480531,0.142913552,0.089510767,0.067907767,0.145191986,0.165089757,0.132554625,0.141556374,0,0.142831318,0.085932163,0.147895371,0.088916591,0.133653752,0.057218149,0.104974574,0.107729656,0.11226161,0.107026366,0.164848256,0.038200608,0.120569423,0.088951154,0.031313048,0.090671275,0.260294967,0.081585476,0.092803944,0.105371713,0.127900415,1,0.095330254,0.084269312,0.108461716,0.314939527,0.221539913,0.268099366,0.084673204,0.122523726,0.082943301,0.042916339,0.094877552,0.329901902,0.097372172,0.096754287,0.042257287,0.07540295,0.286565354,0.098194488,0.080063456,0.136711356,0.050623095,0.014106346,0.115936375,0.091499909,0.083651952,0.041211398,0.368844559,0.094847544,0.132586967,0.079485106,0.094037841,0.061044062,0.105427455,0.047853673,0.090237526,0.077738841,0.073930875,0.072124123,0.028902549,0.078939427,0,0.05569973,0.083965742,0.07146389,0.068471043,0.078382994,0.053734633,0.064867167,0.019052971,0.094279328,0.078497546,0.090000699,0.051239075
9681800,0.10894328,0.05408912,0.073100871,0.130229593,0.11682114,0.093897607,0.086946535,0.113280017,0.061256369,1,0.091617406,0.079403107,0.077490839,0.07501079,0.184475427,0.184096129,0.096822967,0.165342083,0.162715755,0.100526936,0.11020859,0.064628575,0.068263959,0.126336988,0.187965793,0.131108611,0.149290418,0.086156799,0.173864651,0.18864165,0.155019239,0.157270064,0.144790931,0.13263655,0.109021934,0.130493458,0.078844038,0.110902157,0.117299685,0.159168997,0.154204225,0.122307758,0.124450712,0.090235516,0.152816006,0.220229078,0.22347946,0.116846342,0.017281113,0.081938376,0.056550214,0.168395926,0.125655731,0.087651404,0.062655335,0.124804791,0.0925407,0.057475993,0.091008528,0.135419334,0.030113595,0.09530426,0.137522443,0.056831767,0.096576197,0.111001241,0.074420541,0.121203757,0.092952098,0.113230115,0.076755713,1,0.061739952,0.094283541,0.073899116,0.084583096,0.074556995,0.075118244,0.073839107,0.103257838,0.018309117,0.075380515,0.091959665,0.06708535,0.093481963,0.038546201,0.074677346,0.057317477,0.115601539,0.074406178,0.105593773,0.05329343,0,0.130807381,0.044311437,0.075027736,0.08649594,0.104560563,0.097541929,0.102658285,0.056348076,0.036391228,0.092890709,0.088066956,0.03395086,0.086571072,0.068427076,0.153819396,0.081874482,0.011717463,0.106650076,0,0.05805228,0.073522044,0.086381732,0.062457833,0.062147463,0.052896974,0.106375889,0.018147069,0.071527706,0.069846509,0.084565863,0.064728227
9732293,0.01783354,0.012078978,0.021101564,0.238753967,0.145310906,0.039738625,0.034367895,0.161043751,0.021308035,0.024594364,1,0.109855298,0.10459057,0.066748477,0.238364733,0.189627101,0.19318402,0.106671536,0.070563761,0.157611125,0.242696886,0.09553475,0.165908076,0.178524379,0.063322211,0.188845902,0.21166368,0.075359154,0.103776154,0.092972405,0.074329725,0.099908556,0.092422581,0.07710239,0.045225954,0.143783638,0.088425121,0.207945806,0.188820366,0.091152729,0.066957827,0.06729382,0.056219061,0.052047131,0.094585138,0.098357159,0.08465168,0.161683569,0,0.130954717,0.028267156,0.435119014,0.081378915,0.039777786,0.029355201,0.076467198,0.086766639,0.066850797,0.131572008,0.154876935,0.007211159,0.124266733,0.090566783,0.014100509,0.083300784,0.12262115,0.083280286,0.065513452,0.096203549,0.120042311,0.082428084,0.06048433,1,0.136195406,0.148926269,0.098403912,0.113571626,0.128399124,0.135549153,0.13471437,0.024407617,0.095847356,0.115781444,0.09300426,0.115101126,0.055565582,0.060489113,0.093992383,0.101634525,0.099393138,0.080955175,0.048954743,0.011316273,0.088820038,0.055057207,0.097998535,0.052000277,0.145151406,0.087133226,0.143017385,0.077842359,0.057150179,0.092404383,0.086807631,0.038388766,0.070418429,0.042974388,0.064323629,0.063897001,0.044669728,0.074754956,0.013549934,0.053998864,0.411361559,0.057329153,0.061841491,0.088724523,0.058613207,0.056855615,0.015284512,0.085948703,0.09397093,0.073848716,0.04426368
9832560,0.036940353,0.01718239,0.029376997,0.241182333,0.130858015,0.055757446,0.038488199,0.135048438,0.025506883,0.03324003,0.159468485,1,0.090065094,0.048000893,0.209935566,0.157759628,0.185704597,0.112872062,0.145884089,0.169111315,0.217282798,0.128268157,0.160224323,0.125041499,0.121767566,0.20787141,0.218911873,0.084440367,0.156803344,0.099842275,0.089150865,0.131943338,0.21903753,0.114643068,0.075973651,0.132878297,0.118979917,0.29947125,0.137128392,0.132616298,0.084599359,0.087300537,0.057425047,0.07827066,0.130260723,0.125997388,0.117123099,0.13414828,0.008628013,0.132695215,0.055864719,0.220129331,0.089057945,0.083823059,0.035002559,0.090451389,0.108714903,0.094033356,0.160740642,0.159679809,0.021869003,0.138738443,0.083382747,0.017070765,0.088955702,0.136840259,0.11251629,0.133827248,0.109482559,0.17010018,0.108999987,0.088681713,0.146524271,1,0.127568292,0.100892587,0.123415393,0.109286246,0.142647502,0.149907954,0.061737745,0.094768963,0.16558171,0.10675656,0.130738774,0.089378782,0.071409589,0.100363426,0.140285584,0.096470021,0.085413725,0.05322964,0.010942463,0.154183398,0.182195026,0.071744647,0.065549414,0.176187312,0.093273655,0.179822404,0.094827063,0.091968279,0.088825965,0.106060499,0.045276163,0.088692299,0.100561264,0.101883894,0.084857268,0.052740249,0.127912933,0.014733161,0.055512008,0.130255023,0.082601811,0.067241703,0.059427993,0.055399651,0.110698508,0.017352983,0.144721539,0.100893344,0.125469831,0.067021267
10330400,0.038545906,0.023883927,0.027472543,0.241134803,0.11069549,0.039370243,0.034394919,0.118169223,0.181065525,0.027458354,0.141685507,0.085242045,1,0.130040124,0.222557837,0.163153875,0.16340785,0.091337709,0.123021019,0.088426321,0.238568421,0.064941322,0.092220503,0.126152781,0.079799347,0.199727456,0.149461445,0.066497411,0.169649205,0.128750853,0.067007772,0.110925882,0.088239657,0.065336208,0.04665907,0.21583559,0.094617756,0.229883473,0.119702229,0.119786636,0.060916698,0.058196571,0.041668317,0.053688174,0.107501591,0.106943057,0.078255358,0.106351194,0.006706345,0.134279537,0.043015802,0.143681497,0.070346787,0.073386853,0.031799274,0.044214672,0.086828927,0.08342335,0.093566968,0.097591211,0.020775631,0.095346365,0.067932123,0.011372868,0.063390512,0.355120352,0.071085897,0.066497337,0.059899203,0.095065523,0.354157149,0.05993548,0.094527126,0.093575751,1,0.193576592,0.304359675,0.110024153,0.125426485,0.109043388,0.005862373,0.064362648,0.42287118,0.061443998,0.063952169,0.03291216,0.058727716,0.359047115,0.09839514,0.070578728,0.174174894,0.039427883,0.010986752,0.087329758,0.048978106,0.060044397,0.032097567,0.39408315,0.081580264,0.109034155,0.078923452,0.06214433,0.047544271,0.069107308,0.047623947,0.085728208,0.043809157,0.067319962,0.072372528,0.013488587,0.065519283,0,0.043381829,0.079085824,0.065713171,0.060040715,0.061048728,0.04185131,0.062195518,0.014839439,0.071089307,0.079966645,0.095492856,0.042974755
10352017,0.048765223,0.012783109,0.058037449,0.201832308,0.475205457,0.024383897,0.037422038,0.135494427,0.122961862,0.041431948,0.134476933,0.060787175,0.182155603,1,0.328098609,0.157560832,0.293524506,0.083072435,0.0596225,0.177563052,0.258410332,0.157400731,0.247077976,0.182891665,0.047074194,0.393762475,0.154751573,0.059735332,0.128918813,0.194886534,0.08328939,0.070710505,0.084271954,0.091199719,0.047046444,0.258761208,0.060317983,0.162312694,0.166377869,0.092262143,0.069086425,0.073079736,0.064423508,0.045055043,0.05186458,0.078954786,0.131007195,0.196110462,0,0.161512969,0.047487369,0.130569803,0.067742102,0.042525705,0.038276253,0.079078173,0.092243799,0.070083165,0.231556695,0.130824025,0.016541077,0.180230117,0.099771912,0.008862677,0.097529753,0.253092047,0.189319082,0.1076966,0.101209114,0.135895353,0.315358488,0.104317818,0.120928307,0.111925257,0.237115179,1,0.350302559,0.092702598,0.316789331,0.115704967,0.020625516,0.071213116,0.397036199,0.122346445,0.167186168,0.083687993,0.076275807,0.334115966,0.095706123,0.080990262,0.07483384,0.101188836,0.01426964,0.099212381,0.083959481,0.10329286,0.053599444,0.525544498,0.111231916,0.144064428,0.08183542,0.063417609,0.079393759,0.112278207,0.07133258,0.126435035,0.063704877,0.087435453,0.072959024,0.030861406,0.079853222,0.025214754,0.056344504,0.089918741,0.082737067,0.086698614,0.079290348,0.06553018,0.099814537,0.019273526,0.149156555,0.120866908,0.085472812,0.081709073
10491393,0.025932891,0.010921968,0.027973608,0.364280393,0.270534804,0.028379008,0.043862498,0.158039765,0.062434775,0.031936271,0.234268344,0.124743907,0.135544937,0.129296067,1,0.21887129,0.292236244,0.109384343,0.102933471,0.245205068,0.410281574,0.135972878,0.201738645,0.191575753,0.102787775,0.355532989,0.235082446,0.105865884,0.17456605,0.183944887,0.117597277,0.15115477,0.123398618,0.13015413,0.079812079,0.274307471,0.12098752,0.237868696,0.245454407,0.137104616,0.104539671,0.104244728,0.08497572,0.076649542,0.13131258,0.170830272,0.158942498,0.220454739,0.002992941,0.15204311,0.044147231,0.239027059,0.125315375,0.08811664,0.047116349,0.068005686,0.141509558,0.098104523,0.196918574,0.201515217,0.007823127,0.193056685,0.074418684,0.012936259,0.081052609,0.436108774,0.135739714,0.118857912,0.072916081,0.137434908,0.265085336,0.062297032,0.101612874,0.09881024,0.297694309,0.273317084,1,0.096276445,0.221873269,0.094621029,0.006219165,0.093954172,0.494458911,0.092234094,0.089561743,0.034915235,0.063805741,0.464939178,0.097149129,0.064379014,0.211978665,0.052570504,0.00414611,0.084987653,0.104850458,0.050902255,0.048700585,0.463289608,0.070190905,0.128978125,0.117461908,0.044735847,0.075414735,0.072872972,0.030752765,0.072528853,0.054875945,0.099953595,0.071248234,0.052941477,0.068968223,0.013278696,0.048712835,0.08101918,0.084643923,0.056574444,0.056293311,0.04335094,0.078380236,0.013150125,0.122077744,0.069634144,0.057303361,0.083380192
10525535,0.031601094,0.009062149,0.03422377,0.265144824,0.170412868,0.021851777,0.027990706,0.136585286,0.027252518,0.035129031,0.164994588,0.100086709,0.101064719,0.059011354,0.213328479,1,0.255154767,0.154025161,0.092519477,0.336752628,0.301298794,0.155959254,0.208495102,0.219173099,0.072375098,0.143345012,0.278038525,0.082731266,0.108773057,0.140915988,0.10011018,0.141784999,0.105822446,0.082699208,0.06594767,0.177487124,0.133532806,0.258611328,0.422983416,0.14891693,0.106347827,0.1016457,0.088407867,0.081833853,0.156991368,0.228005941,0.135548135,0.327673661,0,0.148104745,0.04158052,0.234055159,0.130910714,0.060658645,0.044759859,0.070450424,0.114797087,0.101088245,0.240460711,0.265194234,0.007521142,0.158944475,0.07470599,0.01683564,0.05946207,0.101934946,0.081368017,0.111813452,0.075197544,0.096683507,0.074890253,0.078512234,0.135772324,0.097860641,0.155548651,0.086793587,0.085707031,1,0.080701972,0.192881349,0.027657085,0.094900625,0.099170471,0.070255294,0.085662042,0.040241518,0.073702706,0.061830196,0.139199059,0.116904483,0.088531269,0.039700918,0.011062834,0.072665797,0.074731852,0.081794411,0.07164239,0.094083552,0.110369949,0.117918467,0.240522958,0.037991766,0.112076361,0.093593558,0.037529012,0.087450575,0.074166709,0.18986426,0.094999369,0.081409042,0.084926993,0,0.081003267,0.075321938,0.108620095,0.060456491,0.061471485,0.081122391,0.090092577,0.041507492,0.075904033,0.138906462,0.081489662,0.05408159
10662776,0.027588492,0.017794433,0.039844809,0.377779272,0.261765319,0.01965637,0.032646549,0.155856747,0.054381279,0.030788067,0.209587504,0.129380967,0.105427573,0.115233987,0.31935866,0.277834765,1,0.117070719,0.083611145,0.277375995,0.454944286,0.195489373,0.300358147,0.282759465,0.077748115,0.334648466,0.2661711,0.085881589,0.177384941,0.196740637,0.092375485,0.141541858,0.107727319,0.106115106,0.058533254,0.269160986,0.118697205,0.266954597,0.344377277,0.131109161,0.088710039,0.089621388,0.094906768,0.083475447,0.155006616,0.113555741,0.135512352,0.244871441,0,0.199574425,0.0428697,0.269508439,0.151058954,0.060989717,0.053076021,0.080715073,0.12527043,0.085691247,0.269805904,0.248295241,0.009463659,0.200630964,0.081368271,0.014550059,0.103401017,0.390468504,0.197653133,0.083452583,0.071471958,0.125677261,0.190585822,0.074408541,0.140685919,0.144060648,0.124570134,0.27600662,0.240617245,0.090991993,1,0.12572208,0.01894854,0.105234474,0.2633368,0.107052696,0.149484567,0.055955233,0.071765516,0.181817988,0.090795767,0.072410305,0.079875548,0.187734669,0,0.070574119,0.058496128,0.057252318,0.05477599,0.315309756,0.07894723,0.123665378,0.164534041,0.05031665,0.074088874,0.087136441,0.046942453,0.065592358,0.061721726,0.078389712,0.080136461,0.059209136,0.073360685,0.025986776,0.054789768,0.065570789,0.135988828,0.063632114,0.063315909,0.059024023,0.07141233,0.014790604,0.131556756,0.124919056,0.093030699,0.064086567
10811821,0.031131875,0.020118221,0.030524637,0.186173366,0.143132498,0.034077347,0.026296337,0.165553182,0.018746387,0.067530876,0.152326447,0.09558427,0.101561527,0.056675885,0.170253566,0.265979217,0.144726185,1,0.115494829,0.136081707,0.173967698,0.092549287,0.140684617,0.15731424,0.076559104,0.161623986,0.189575961,0.063014372,0.110111895,0.089992693,0.093588842,0.133303071,0.110349951,0.101652015,0.061951686,0.132515386,0.090346517,0.20951088,0.264603544,0.114231631,0.083340962,0.074176161,0.059166946,0.066680402,0.112424536,0.217884033,0.118100606,0.148337008,0,0.131782951,0.042264595,0.180995248,0.071449627,0.069801265,0.043525192,0.06210281,0.111243723,0.072387196,0.152934203,0.174999952,0.019775545,0.085791372,0.084989487,0.034244342,0.079255643,0.105354998,0.097656072,0.118410716,0.058639379,0.100962043,0.068626337,0.115204204,0.104822956,0.122324051,0.135450344,0.104977592,0.093333371,0.183509021,0.093085479,1,0,0.076959267,0.080100689,0.087377127,0.084740385,0.050466842,0.049156246,0.100736065,0.097258471,0.053060645,0.072040924,0.075125018,0,0.111775286,0.083868309,0.089503412,0.049346249,0.117559168,0.088942607,0.09685673,0.127735294,0.045381322,0.073093746,0.10191565,0.042338085,0.107674718,0.049991604,0.154011361,0.090408734,0.04245981,0.079372367,0.014157388,0.033708082,0.077595427,0.07288224,0.064613894,0.065698686,0.055549179,0.090823229,0,0.073424249,0.111987675,0.083362689,0.034695499
11056682,0.048194945,0.059604478,0.050624591,0.147738087,0.092167683,0.04201075,0.063071095,0.068804045,0.032445419,0.032976469,0.061446048,0.082575065,0.082748087,0.02495557,0.100654063,0.093655839,0.081170955,0.070649445,1,0.104425405,0.100562295,0.069729459,0.082748149,0.108233586,0.182823325,0.04765252,0.128551629,0.079292227,0.179744502,0.153488449,0.168866683,0.136727862,0.116384109,0.167305647,0.15602837,0.070575774,0.181140879,0.138877367,0.085053125,0.178015673,0.168195166,0.184972758,0.148440508,0.075065475,0.215048994,0.101218921,0.203646755,0.078968185,0.023690377,0.083982044,0.092799063,0.103768855,0.126289419,0.100066745,0.02588876,0.054376565,0.136688646,0.100981407,0.097763382,0.10352427,0.053280479,0.074452139,0.016557243,0.115185329,0.141099291,0.007415552,0,0,0.100842198,0.022183904,0.039816147,0.01986108,0.029042512,0.037239525,0.010148833,0.009579345,0.01277079,0.018522983,0.008006822,0,1,0.02440053,0.054149305,0.034106881,0,0,0,0.014441558,0.006049161,0,0,0,0.016005773,0.043559528,0.042328406,0.015286644,0,0.014447253,0,0.028630394,0,0.036357827,0,0,0,0,0,0,0,0.015365055,0.399289685,0,0,0.008008791,0,0,0,0,0,0,0.036454877,0,0.304222322,0.04240882
11086000,0.018224117,0.011767283,0.024648089,0.213905702,0.225217734,0.024012997,0.026411564,0.115664708,0.02112058,0.020186452,0.127247279,0.11438038,0.067957635,0.081574189,0.218867308,0.304291451,0.227928801,0.085027454,0.094344367,1,0.22831705,0.124181405,0.175533698,0.231436173,0.074609084,0.123620231,0.211432977,0.084223962,0.081095801,0.169290739,0.111969076,0.109978847,0.101212382,0.120820289,0.076046546,0.150973402,0.111382897,0.217409333,0.250791936,0.136316908,0.090056321,0.105332561,0.086332594,0.07706554,0.143128403,0.134176985,0.152314573,0.354757508,0,0.138044094,0.061660505,0.226636368,0.14191005,0.075048098,0.048770408,0.061305648,0.114401666,0.078945909,0.232475711,0.173574915,0.007559556,0.193529996,0.085596522,0,0.092294488,0.093770048,0.097284332,0.089069332,0.072350097,0.066369479,0.086855255,0.071216393,0.100488392,0.093539008,0.076236512,0.048610856,0.104141781,0.088099841,0.098368941,0.09002911,0.031472922,1,0.128580846,0.128828125,0.106458356,0.079679869,0.051169121,0.073258742,0.091313071,0.100386958,0.082825197,0.095143577,0,0.082223619,0.067298331,0.051843736,0.053123043,0.085319508,0.065252044,0.094793413,0.170128812,0.034808141,0.083096327,0.06238281,0.039432633,0.068012729,0.032717714,0.126837273,0.081389724,0.12891954,0.09116672,0.038641944,0.035088378,0.078598973,0.093886138,0.059740799,0.059443931,0.048186529,0.085395411,0,0.174003885,0.098842513,0.086167896,0.09835448
11157977,0.02927778,0.012768367,0.033147086,0.420059939,0.18015503,0.023254632,0.04349439,0.155471423,0.063591766,0.020647477,0.22874932,0.133966201,0.134679001,0.093327761,0.390161556,0.293308497,0.340027314,0.102092317,0.090426648,0.230195736,1,0.140096151,0.183029725,0.204832925,0.091577834,0.305455711,0.235270143,0.10013812,0.191294836,0.131597525,0.085886204,0.131410966,0.106436977,0.089459529,0.049379832,0.300271771,0.104700791,0.239438866,0.28235568,0.11167378,0.069947189,0.084620644,0.073368504,0.063610756,0.146160879,0.147647882,0.113133852,0.234193498,0,0.158450504,0.042413269,0.233632152,0.125708064,0.076223619,0.036201274,0.062173294,0.102240349,0.064685946,0.224548481,0.214425629,0.008368569,0.159550128,0.100768752,0.009801557,0.097664266,0.384061912,0.072555787,0.065631477,0.133226337,0.155153246,0.255488946,0.080825193,0.10353937,0.109693656,0.325077919,0.233041688,0.360720016,0.069452808,0.216987646,0.07175118,0.041756476,0.092343487,1,0.096864499,0.076874148,0.04049913,0.039447389,0.373015607,0.06549969,0.049680547,0.224827757,0.05853796,0.005062827,0.065051849,0.053814464,0.04200321,0.027719905,0.432782478,0.045311609,0.10031257,0.095251427,0.036418052,0.041059894,0.055579825,0.033975885,0.064402995,0.03423094,0.094360927,0.048512644,0.069852276,0.05208078,0.011361161,0.027050395,0.044080944,0.048068553,0.061811981,0.045826621,0.035290642,0.058947868,0,0.087813434,0.082724852,0.074535645,0.080183976
11285283,0.019415055,0.00982943,0.022451221,0.197092825,0.231262303,0.023343779,0.026142314,0.095365412,0.026885232,0.021551509,0.11764279,0.094970894,0.057803163,0.082312575,0.172749742,0.215011252,0.229796501,0.076628578,0.070491762,0.179754669,0.18600757,1,0.401293881,0.202820506,0.073105119,0.148853474,0.195178658,0.08496934,0.096175526,0.158073174,0.108795812,0.111547944,0.094116093,0.112945104,0.090561707,0.130967543,0.134592579,0.242723816,0.211178054,0.117429186,0.09825463,0.105644628,0.066105091,0.083166374,0.135850736,0.115332672,0.126986116,0.199174189,0,0.220052819,0.067250469,0.170058368,0.123450364,0.07812444,0.058496215,0.076136751,0.132672487,0.091355753,0.210102215,0.163464763,0.008031073,0.1547263,0.081980871,0.010923392,0.111884977,0.083673644,0.084102274,0.078504572,0.066194945,0.071498419,0.074823756,0.065014779,0.103158268,0.092482165,0.07215928,0.112328082,0.100698133,0.078552655,0.099537457,0.084252042,0.039776623,0.11753554,0.110019884,1,0.20111546,0.053903789,0.055123399,0.073245992,0.115111979,0.069423113,0.097665541,0.074467822,0,0.073664239,0.08243909,0.077188215,0.038735526,0.081966495,0.07029463,0.0959854,0.103816821,0.069639264,0.057376696,0.067203666,0.034983473,0.066340074,0.042798827,0.108353424,0.080264832,0.052207379,0.074196955,0,0.037799959,0.056878306,0.067170529,0.064357484,0.064037675,0.046719285,0.069412323,0,0.168101827,0.073781622,0.108036789,0.086109322
11381093,0.019539996,0.008071054,0.029171811,0.189400214,0.212611828,0.014600912,0.030470257,0.13958779,0.019257621,0.014886234,0.15365329,0.095123288,0.067458278,0.099098202,0.194934788,0.215614352,0.284828945,0.097512109,0.070294857,0.22017127,0.18824107,0.325386414,1,0.226812872,0.087750095,0.152016607,0.202864008,0.106497191,0.09580159,0.20637248,0.104984866,0.119121363,0.09201313,0.134325907,0.077609986,0.143651177,0.139566834,0.239843177,0.258108014,0.12354148,0.120777812,0.129875564,0.083230046,0.09298787,0.175302361,0.096854232,0.135980665,0.24111352,0,0.204573164,0.059081756,0.18116909,0.151552633,0.075230796,0.069217648,0.079828229,0.125807686,0.110930806,0.238537085,0.184023797,0.005834722,0.162168654,0.105180088,0.005828598,0.1173651,0.090849251,0.129294974,0.111779434,0.07876796,0.089406722,0.082126749,0.118278887,0.146383071,0.146967344,0.081262078,0.169269294,0.117395104,0.09662379,0.164424606,0.103394126,0,0.116653325,0.105395664,0.236272865,1,0.073900924,0.058826433,0.078166451,0.09515477,0.06349892,0.092217523,0.144185519,0,0.095205572,0.077548283,0.080796609,0.059053814,0.097965076,0.094030876,0.106341129,0.145706964,0.054308894,0.087473002,0.099633015,0.037333565,0.091710894,0.070572934,0.088790117,0.072345112,0.058043314,0.073120671,0.050916935,0.040339253,0.084625225,0.123472962,0.068680839,0.068339546,0.055397505,0.102754657,0,0.210941555,0.08457292,0.073707882,0.098796811
11401727,0.019293584,0.022228231,0.026863163,0.248187158,0.201565487,0.0206503,0.027755318,0.142541711,0.021639675,0.026974293,0.166341552,0.07157497,0.082760346,0.077195007,0.195820226,0.242678732,0.251383372,0.10859833,0.103956923,0.245183605,0.22627367,0.174593735,0.218340758,1,0.104415392,0.138082556,0.244469997,0.090467993,0.100149996,0.184017808,0.113779622,0.16710532,0.103038335,0.11862466,0.108007214,0.149161547,0.12989814,0.258002545,0.292567472,0.156583192,0.120097995,0.12241214,0.10155367,0.094009523,0.162518677,0.135863616,0.151016268,0.217876944,0,0.276349161,0.087228714,0.277834404,0.129063232,0.097584636,0.03204307,0.097954823,0.130140054,0.101297662,0.310525218,0.160074122,0.009439249,0.187713259,0.142371105,0,0.141681913,0.124353178,0.132760472,0.123738374,0.101343361,0.232015901,0.09623012,0.112475039,0.122050772,0.166404621,0.114487525,0.132857719,0.118906175,0.113132471,0.126162244,0.128535668,0,0.146813041,0.133843966,0.134076291,0.15502229,1,0.095363032,0.102174677,0.170701369,0.10293756,0.120291721,0.11191505,0,0.204988996,0.078989987,0.096620301,0.086207572,0.146424441,0.130986142,0.116246229,0.120237398,0.064871348,0.099261218,0.147938503,0.060521124,0.114767789,0.060975454,0.160880457,0.117278047,0.044386279,0.118535299,0.040531478,0.098289591,0.172931461,0.116204469,0.130021816,0.110784657,0.062863098,0.118500225,0,0.202190716,0.140171838,0.103819364,0.067309208
11532215,0.077286888,0.051856846,0.046443345,0.124748767,0.111912354,0.054030866,0.075199979,0.062194591,0.023026784,0.049088804,0.063454628,0.102117253,0.07932951,0.036188921,0.116437428,0.094661739,0.09086482,0.053683135,0.274733443,0.106083394,0.122173139,0.078626603,0.122018597,0.133259629,1,0.075302208,0.140083985,0.248870793,0.118741311,0.278628507,0.38964982,0.165886925,0.151649336,0.416279772,0.408903925,0.077263119,0.291954503,0.131151409,0.095020852,0.24064868,0.426680525,0.446228296,0.445021383,0.218647664,0.450803397,0.141569785,0.475087498,0.096574202,0.006212902,0.124784526,0.269123937,0.094542825,0.178247349,0.269302963,0.111452295,0.265782891,0.309821117,0.227930495,0.141636417,0.08959489,0.015747539,0.088317776,0.185277706,0.103622831,0.22411957,0.219957331,0.154688551,0.299121354,0.220603427,0.267927302,0.164587289,0.200567685,0.160412115,0.240278089,0.190229233,0.163217753,0.213690904,0.195766032,0.192441611,0.159644703,0,0.169746984,0.167858895,0.177332473,0.18044617,0.101892486,1,0.151512213,0.201928324,0.36324541,0.243330355,0.122064461,0.034013795,0.145605699,0.117132231,0.299458704,0.291752012,0.180886822,0.399889718,0.240494023,0.165719569,0.096196062,0.248530555,0.274342064,0.11538672,0.376176794,0.33959635,0.153139966,0.250439652,0,0.175772961,0,0.235976748,0.158021811,0.327937815,0.306779215,0.290943953,0.424422386,0.264831094,0.277250486,0.175785563,0.170695711,0.153951078,0.099811102
11564752,0.022851586,0.010538388,0.031217746,0.265794951,0.259568072,0.016792097,0.04637061,0.127637986,0.058750003,0.036415092,0.200659996,0.137759083,0.135675893,0.158146815,0.425172417,0.16750679,0.34102408,0.120508735,0.049060461,0.155250702,0.357215482,0.120463795,0.164298285,0.147726118,0.065320375,1,0.159263298,0.060560313,0.184313614,0.096290269,0.066359552,0.101482703,0.111450144,0.065686472,0.046729438,0.283720052,0.071042157,0.175084222,0.189544552,0.057635373,0.056778523,0.047970441,0.045005259,0.060344758,0.069516523,0.117856865,0.089958723,0.173793666,0,0.149653397,0.031547303,0.179160011,0.047247161,0.046800688,0.037148629,0.059512929,0.086603901,0.073319577,0.171325776,0.139312554,0.010223923,0.168232802,0.107186536,0,0.118477851,0.508054582,0.104074729,0.099434174,0.092023798,0.198001835,0.40079082,0.090383139,0.116435394,0.115677876,0.477790473,0.344231485,0.566457026,0.092429047,0.269143905,0.12806011,0.009835267,0.105981649,0.629726501,0.11791904,0.116919741,0.055216523,0.076632204,1,0.094558496,0.096511577,0.237458787,0.066147911,0,0.088954877,0.104542304,0.0862123,0.069235568,0.592685753,0.088024291,0.148530702,0.094773421,0.070747281,0.079764724,0.093426116,0.048633805,0.092225556,0.048998898,0.107496049,0.094242758,0.033120336,0.095253066,0,0.052549266,0.079071864,0.093380049,0.089469371,0.089024774,0.050515778,0.084760278,0,0.113589927,0.092501655,0.083427577,0.066952797
11591730,0.021661094,0.011395748,0.036225898,0.264910184,0.165468623,0.020124597,0.036771461,0.161914386,0.023453479,0.025380965,0.148225653,0.097914822,0.083394704,0.047069893,0.195803754,0.258422656,0.194360058,0.095784325,0.115575574,0.18780052,0.218727514,0.133907515,0.162257925,0.200997385,0.086575203,0.116285244,1,0.107497029,0.139251529,0.133959182,0.102700932,0.22708574,0.094668877,0.100277632,0.072336467,0.144813038,0.184349988,0.382399188,0.209098046,0.171151826,0.107710356,0.093345708,0.093670607,0.095595062,0.175071657,0.114685411,0.118891875,0.185726937,0,0.112422891,0.053572192,0.225363656,0.183782263,0.076212555,0.055503532,0.083855129,0.14573619,0.111670094,0.181409093,0.239963264,0.007263558,0.134093066,0.094679387,0,0.080148901,0.108184616,0.103360207,0.107822165,0.062754151,0.210049257,0.081061023,0.094646565,0.10908932,0.142435439,0.121157775,0.085422669,0.106483013,0.152630626,0.071511904,0.107978894,0.005809732,0.095763478,0.082498574,0.1039528,0.082119918,0.090739264,0.080251175,0.067842855,1,0.090844525,0.077892043,0.083231074,0,0.289139651,0.067698404,0.05598815,0.046995493,0.133532477,0.069183775,0.115951469,0.111936794,0.050588745,0.073511469,0.204148228,0.175023622,0.094305931,0.057961268,0.124643991,0.104386935,0.077534937,0.086575864,0.023374328,0.031041061,0.165741219,0.242455292,0.063936009,0.05258729,0.091651035,0.073205816,0,0.118148007,0.084520267,0.062030528,0.063865869
11690545,0.052622331,0.017679385,0.033367011,0.172304743,0.133329794,0.053090831,0.031144421,0.112710152,0.021149846,0.037309483,0.112176359,0.086817907,0.075268824,0.040591088,0.163490232,0.134466596,0.112521983,0.067708154,0.12332567,0.129042887,0.147931252,0.101599941,0.156766817,0.13637368,0.250848531,0.094191664,0.175212776,1,0.120398625,0.152550828,0.333267199,0.126751758,0.102110425,0.27970923,0.263301682,0.091962594,0.32993744,0.1602166,0.156342793,0.150360426,0.343108778,0.320963319,0.336223394,0.203836251,0.397654468,0.096520732,0.339673561,0.126982595,0,0.171565483,0.259135126,0.123619359,0.207077754,0.285550812,0.135547676,0.233729759,0.345175179,0.213420802,0.166855337,0.139672254,0.011155476,0.099746351,0.210936292,0.123278473,0.166238306,0.200004989,0.174630776,0.234436674,0.182830017,0.243623601,0.149657566,0.182374179,0.212593208,0.264002487,0.191576339,0.148412262,0.19430699,0.218751237,0.174985221,0.145163323,0,0.2284149,0.171634547,0.176876112,0.164077888,0.092649813,0.339622842,0.172858884,0.183611394,1,0.221257845,0.110991987,0.080437259,0.132397798,0.106507159,0.397349133,0.291103366,0.164478568,0.40701324,0.218678797,0.174272433,0.087470112,0.332200041,0.273863161,0.175812464,0.282793091,0.268331481,0.157525476,0.337895553,0.047966927,0.159828586,0,0.296447443,0.184975462,0.207627501,0.236515917,0.287030537,0.262877728,0.262756923,0.234732023,0.175952386,0.155211894,0.139986167,0.090757231
11707154,0.042712793,0.020892781,0.034043811,0.249528512,0.115656329,0.057546694,0.052666724,0.103780845,0.081669736,0.048992635,0.122333748,0.10849132,0.105134233,0.05575157,0.202835091,0.145768047,0.164813864,0.094479912,0.190791184,0.108523477,0.208722716,0.093090804,0.114227947,0.120450598,0.087441286,0.17396113,0.189399403,0.105979625,1,0.11413578,0.095204162,0.103346469,0.08256487,0.093434033,0.075201084,0.16095159,0.189582905,0.182694114,0.12825226,0.114938038,0.111058965,0.091636213,0.084460039,0.1084249,0.160051135,0.104002552,0.133668311,0.130608653,0,0.119581402,0.073392585,0.170562494,0.1711449,0.085872181,0.05591172,0.085884672,0.148525561,0.136167238,0.132042539,0.131222183,0.011584144,0.094017814,0.146259045,0.033724019,0.130653827,0.536872865,0.128721366,0.183034779,0.30472182,0.153979656,0.195841137,0.164272443,0.148599729,0.15574662,0.390579598,0.096007057,0.357260407,0.149981955,0.125993509,0.125624988,0,0.139764603,0.497769717,0.157440353,0.153118517,0.072817468,0.141072665,0.295523127,0.129057491,0.140560403,1,0.087233371,0,0.112510058,0.103514122,0.109926365,0.109205585,0.32256778,0.153962526,0.150234075,0.133972048,0.068746519,0.145424966,0.147184664,0.064136429,0.134326,0.103825865,0.109441482,0.154668746,0.011067706,0.136027882,0,0.109666322,0.104276994,0.145389024,0.117988834,0.117402516,0.080893654,0.147924548,0.034281553,0.147786076,0.145225492,0.110021143,0.071330007
11737944,0.035285865,0.03934507,0.039895624,0.172030564,0.202721292,0.02941562,0.038291161,0.080145397,0.025908698,0.030520146,0.090859039,0.065277203,0.097364248,0.094431322,0.185196286,0.164363295,0.191021918,0.054836313,0.1623862,0.208290128,0.161151878,0.137616733,0.225876845,0.204024546,0.196018603,0.109526778,0.165952698,0.084077874,0.094943871,1,0.23808937,0.131835461,0.120747899,0.238470061,0.186245378,0.112677204,0.149227923,0.207563817,0.194857366,0.214365032,0.207969124,0.249135078,0.211042962,0.111509332,0.270733138,0.140991869,0.259565807,0.202414515,0,0.161851346,0.076002708,0.148312228,0.200693507,0.100467953,0.066193751,0.101951519,0.155315756,0.098221119,0.213316323,0.145417478,0.005890712,0.153195924,0.18836521,0,0.13258876,0.113944994,0.238171234,0.107491916,0.094226788,0.135304893,0.079706679,0.099451992,0.108240884,0.124979803,0.094829149,0.178449652,0.110085036,0.089013959,0.249511484,0.148550325,0,0.129846647,0.154878555,0.133204237,0.187297143,0.12340971,0.078988476,0.08463051,0.146894882,0.0852624,0.09963672,1,0.027461624,0.147102577,0.065426807,0.088863139,0.082004696,0.161860713,0.090730844,0.09628587,0.17921271,0.053732446,0.101407473,0.126284565,0.06803247,0.095061289,0.050505506,0.112037134,0.097140517,0.017019998,0.104285264,0.07123387,0.05416504,0.112850975,0.144929653,0.111565015,0.091762091,0.063226676,0.154282464,0,0.132830982,0.11610327,0.102678236,0.079619243
11790258,0.054039032,0.05205917,0.0466674,0.160933547,0.14594141,0.054764737,0.051923146,0.075976007,0.035841499,0.050329989,0.092833022,0.096605416,0.080828894,0.058026737,0.162796922,0.151429601,0.126131789,0.082114544,0.246219972,0.143418369,0.130722255,0.127056999,0.146726436,0.138976559,0.366418654,0.091663268,0.173193965,0.275186451,0.114899165,0.324023674,1,0.160178111,0.151741391,0.395565939,0.372394695,0.114196446,0.353133682,0.151793202,0.128257783,0.256896805,0.515694418,0.467015331,0.457087826,0.222563792,0.510542786,0.201683202,0.491729886,0.113001522,0,0.168049739,0.237484044,0.117485041,0.213235225,0.267197179,0.11219417,0.231533027,0.368560232,0.222232367,0.177145181,0.120901101,0.008133586,0.118926642,0,0,0,0,0,0.01519834,0.011611033,0.012459753,0.016264023,0,0.011558544,0.008366341,0.015200445,0.021454732,0.012339491,0.008322856,0,0,0.023775249,0,0.007123245,0,0,0,0.030019019,0,0,0.086064439,0,0.023293381,1,0,0.030566649,0.07474427,0.096046846,0.027048019,0.075830452,0,0.012459753,0,0.217004962,0.095683032,0.262691061,0.092442357,0.115165591,0,0.053938563,0,0,0.047985663,0.104022349,0.008996393,0.06839032,0.067698119,0.018366984,0.237150946,0.080621509,0.077030585,0.046436051,0,0,0
11870542,0.051618347,0.029357637,0.033599132,0.217226765,0.147569586,0.04213492,0.050227989,0.169524971,0.045524885,0.045346474,0.117266695,0.089447385,0.095904779,0.039702396,0.179696995,0.186441562,0.16648967,0.088810043,0.18174591,0.138178676,0.166231489,0.112084608,0.152802304,0.196056998,0.158725332,0.10736621,0.310855604,0.10345598,0.110472812,0.168789398,0.131882006,1,0.141712258,0.168241529,0.11582061,0.147077934,0.114773582,0.297280643,0.176509004,0.256361537,0.130895574,0.182059144,0.124186847,0.08282362,0.179378674,0.149102632,0.177927987,0.135915406,0,0.125594262,0.056414827,0.187079624,0.08185279,0.071750511,0.04325477,0.078369,0.092098682,0.080837463,0.118291525,0.161874957,0.016941294,0.123400264,0.149000537,0.067303648,0.114102898,0.125014839,0.09677457,0.154581027,0.096283174,0.248560423,0.114825633,0.135456379,0.088449168,0.13938227,0.104183139,0.079898327,0.106130379,0.10380327,0.072327115,0.119667081,0.049361967,0.099454823,0.090321477,0.103725997,0.088820412,0.09552009,0.054670341,0.067016538,0.257386503,0.059012716,0.077331985,0.07627987,0,1,0.073725848,0.081202103,0.054881658,0.111948765,0.13351617,0.134479911,0.088380405,0.132820964,0.081293027,0.092593934,0.057000482,0.101821492,0.090614063,0.121086656,0.114694119,0.056074215,0.087668241,0.020739264,0.037489282,0.157911738,0.095497135,0.063828532,0.06828989,0.066928767,0.106641485,0.022320966,0.117625844,0.078562773,0.126833103,0.051435925
11879553,0.038428849,0.025797997,0.037976754,0.140034649,0.123268332,0.035331471,0.046182116,0.112761723,0.029833678,0.034619788,0.104201772,0.158333153,0.065862371,0.040878092,0.157359413,0.141264669,0.117125815,0.088639872,0.151461035,0.122058692,0.156719611,0.096303518,0.122612624,0.13085112,0.122713007,0.130224686,0.143401765,0.070205871,0.065837204,0.137679792,0.129568033,0.127928377,1,0.120587118,0.1119682,0.097003256,0.070493383,0.163183421,0.114959642,0.124468532,0.119891768,0.132230037,0.099725799,0.064794659,0.135868275,0.190944492,0.153106887,0.118703422,0.005269481,0.127331694,0.043519261,0.113630206,0.063807053,0.06607898,0.031446885,0.066639748,0.094342329,0.068272385,0.105629596,0.103257571,0.013833305,0.131372757,0.064798575,0,0.071624629,0.092989331,0.083414826,0.083678981,0.055632089,0.055968846,0.08081232,0.054640244,0.05764854,0.204778923,0.06567146,0.068488716,0.107277626,0.087945878,0.063824944,0.087146813,0.044384497,0.072530179,0.084494245,0.088180142,0.076429827,0.03338061,0.046327251,0.08301695,0.069459208,0.050006948,0.07025922,0.039989074,0.017837444,0.066693315,1,0.052118804,0.041879539,0.079652987,0.053214226,0.081364722,0.083881036,0.0517737,0.048220985,0.056479847,0.029401092,0.073222986,0.048664395,0.090621653,0.05697354,0.016489202,0.111036683,0,0.031768146,0.055735726,0.056451997,0.054087835,0.053819059,0.03053882,0.065475115,0.014185969,0.107768398,0.072660696,0.054784714,0.079360283
11983060,0.070057997,0.048685497,0.037909748,0.154292945,0.147654989,0.05921273,0.038337562,0.097041344,0.027102405,0.045223072,0.101325478,0.116157121,0.065414807,0.058898815,0.172246644,0.138917571,0.127873474,0.078383422,0.23621072,0.160552954,0.132893862,0.103942241,0.177066238,0.178526145,0.427764095,0.086825579,0.209797441,0.23043276,0.118859516,0.298126534,0.385985819,0.180055048,0.162641768,1,0.368938668,0.094010311,0.30230932,0.1861835,0.135797721,0.243947031,0.446338078,0.421792142,0.402260959,0.244743382,0.487548725,0.169907621,0.4735644,0.132854593,0,0.154393902,0.225231346,0.136410779,0.217890808,0.228028843,0.111398363,0.230326696,0.334532974,0.22050353,0.177499828,0.138117019,0.00772608,0.115720169,0.189287685,0.059534814,0.122302323,0.132337524,0.132407867,0.209040114,0.120973341,0.168765898,0.118779392,0.145234767,0.154367269,0.158874824,0.123683294,0.141032788,0.128567323,0.132976864,0.115782667,0.140332418,0.015348322,0.108787078,0.11042233,0.146062724,0.117009324,0.074440213,0.224718624,0.117430474,0.108651159,0.333271728,0.146399925,0.096075073,0.063455226,0.113070684,0.08697412,1,0.209696519,0.115460941,0.345071969,0.162907546,0.119212462,0.070278542,0.203769181,0.197356539,0.134697046,0.285905594,0.271935506,0.092136797,0.274899602,0.006988275,0.105753959,0.058286396,0.141975621,0.095073963,0.189016716,0.185666952,0.221784584,0.177944653,0.260987403,0.155315399,0.116422611,0.102699227,0.120142126,0.115766719
12049663,0.055184221,0.048595788,0.050014669,0.105815921,0.097964881,0.055766378,0.052661968,0.055205927,0.036745695,0.040274682,0.058377525,0.075506658,0.054510619,0.038462205,0.106120567,0.093238469,0.081583285,0.056011462,0.237975476,0.115465281,0.076009611,0.09117804,0.127245071,0.152284458,0.456042537,0.058764569,0.152731022,0.263746958,0.099773054,0.293055221,0.457082961,0.137108748,0.143333308,0.405354449,1,0.066451371,0.331157804,0.107523466,0.098258047,0.249345831,0.488288862,0.501476718,0.455954612,0.228949551,0.459375553,0.15546014,0.475438767,0.099361509,0,0.117607877,0.301905331,0.077538628,0.188508894,0.368490716,0.119926739,0.250536404,0.416820369,0.196658043,0.144700852,0.083122287,0.010101089,0.080729089,0.206497809,0.094669633,0.203760971,0.277459736,0.172405237,0.35738465,0.206680309,0.293940741,0.159040481,0.312708728,0.187453655,0.307564017,0.189214677,0.182011064,0.238165209,0.243157147,0.214482206,0.220023244,0,0.221875264,0.187083998,0.197642597,0.224575346,0.137897162,0.371250494,0.209423098,0.187680529,0.408418946,0.271199305,0.170986421,0.115478583,0.213272355,0.145831602,0.38417015,1,0.242178013,0.548951944,0.347322001,0.166009123,0.107213525,0.385592782,0.356683175,0.236255303,0.343227377,0.388409285,0.170679291,0.306093419,0.012945467,0.195904473,0,0.299663887,0.172746451,0.296119098,0.391453436,0.296714351,0.326227514,0.385376857,0.26868602,0.215667675,0.190245719,0.171583301,0.111242601
12058019,0.025342782,0.013121418,0.034752592,0.284281322,0.222263402,0.024403154,0.059358783,0.108521101,0.095892038,0.039071296,0.17377634,0.094507659,0.137453788,0.105343112,0.330497936,0.240344092,0.290572014,0.104919337,0.079421619,0.204484047,0.402986154,0.126528397,0.178863584,0.173952277,0.079150628,0.316992655,0.197976111,0.073226995,0.184808041,0.115941829,0.101991439,0.134619223,0.104292638,0.085841621,0.058063442,1,0.120223478,0.184942373,0.228179097,0.099542157,0.101028076,0.091253139,0.07036681,0.072490188,0.136878427,0.129923372,0.116264677,0.176160285,0,0.133735456,0.05940112,0.182627862,0.096418511,0.089759293,0.041197976,0.066869104,0.11658897,0.085694912,0.202518827,0.176172599,0.0075219,0.152881936,0.065342759,0.011690799,0.075707682,0.339710465,0.062922919,0.0606791,0.051311418,0.074549456,0.264022358,0.095070433,0.112543304,0.121782709,0.275979851,0.260519896,0.319373678,0.063480617,0.197770197,0.101979842,0.005021881,0.060238785,0.422692006,0.063776452,0.067515085,0.040171592,0.039128357,0.298906071,0.092852128,0.042236258,0.167095414,0.049389729,0.013603607,0.076462132,0.053379238,0.039644227,0.040622496,1,0.054849619,0.120608355,0.071155657,0.047530946,0.050234009,0.055130321,0.057690024,0.06060338,0.076697216,0.053496998,0.060322474,0.008570405,0.053675185,0.014843392,0.026831624,0.070619591,0.047679797,0.074727886,0.048876066,0.038689989,0.070643974,0,0.078836775,0.0811243,0.042598071,0.053891411
12095422,0.038761802,0.030490749,0.034505808,0.181410243,0.132536812,0.055002534,0.043150426,0.074715664,0.01836339,0.022746857,0.085516743,0.075413503,0.094989403,0.035145995,0.143093422,0.170032835,0.143123161,0.070168977,0.213290553,0.153813655,0.137753257,0.125021231,0.159644594,0.156234893,0.227118036,0.082600953,0.267301707,0.230874974,0.189139227,0.190007476,0.307295637,0.111733718,0.080358184,0.244947091,0.224234205,0.116761077,1,0.230594416,0.158495414,0.164484529,0.314299625,0.241737029,0.251019674,0.257657049,0.364297168,0.087272251,0.282702577,0.126146834,0,0.16946888,0.193676907,0.160632147,0.312849486,0.259138899,0.116736455,0.208148133,0.351203915,0.286448136,0.171158189,0.144099981,0.007716268,0.1133748,0.165475695,0.065270293,0.141049255,0.183621409,0.119343907,0.215530581,0.1400559,0.191691381,0.151411857,0.187507538,0.141763175,0.180497013,0.166493984,0.155720963,0.148848308,0.170519324,0.132904973,0.164248515,0,0.139500198,0.129504971,0.14675987,0.155457569,0.095456415,0.269055993,0.116893327,0.139325907,0.305179006,0.159892123,0.094174065,0.072916558,0.233838006,0.090368795,0.398033683,0.309187907,0.157078236,1,0.191382857,0.127854457,0.111324469,0.212880699,0.232366388,0.142957573,0.309944601,0.296416086,0.118149156,0.24579133,0.008961228,0.135610759,0.020597642,0.192662272,0.133592798,0.180969541,0.244256202,0.224466437,0.219568357,0.255629813,0.184427316,0.135620481,0.131693605,0.126457026,0.077005355
12135983,0.023213876,0.036218402,0.041821258,0.275661174,0.162238301,0.035842522,0.02665105,0.185249179,0.03160394,0.025334871,0.146645551,0.139567909,0.132237496,0.062359042,0.211961866,0.244370123,0.190538364,0.11716314,0.114956546,0.179800582,0.219962713,0.14293542,0.173321093,0.192992843,0.077319737,0.140260332,0.380853092,0.086548351,0.132871452,0.151378897,0.090040078,0.210535046,0.109816554,0.094767247,0.058735595,0.125883424,0.159965003,1,0.197834886,0.152941343,0.085474203,0.103896274,0.068467579,0.071758555,0.170418777,0.128524971,0.124321445,0.180153443,0,0.143786126,0.048227654,0.231939647,0.1531671,0.074069075,0.046998163,0.069260673,0.118017355,0.099359078,0.173200327,0.184574521,0.007222915,0.141323639,0.113371406,0.052427856,0.110408825,0.198789049,0.114767357,0.186098591,0.127749233,0.217892304,0.157134798,0.149272733,0.173064166,0.239172851,0.182159147,0.145767537,0.177948267,0.13614599,0.143216465,0.133333453,0.021386,0.125422933,0.138307833,0.125078627,0.119587836,0.051455959,0.133617914,0.135320854,0.167936365,0.126014873,0.130171622,0.061642856,0,0.173803772,0.094068326,0.127366538,0.145398303,0.180808991,0.173037884,1,0.092157613,0.100628447,0.168737744,0.144672052,0.061507835,0.124028204,0.133579979,0.133164445,0.150336886,0.031283669,0.111547834,0,0.11172445,0.130963372,0.140460905,0.100865403,0.082961673,0.084063145,0.170628801,0.053294608,0.112565165,0.126301618,0.113771627,0.122880679
12147673,0.023749985,0.012513305,0.032051705,0.301530644,0.219868425,0.018130147,0.030438446,0.101948715,0.018681359,0.03446323,0.191199215,0.09460913,0.079515035,0.076814637,0.261241734,0.494586466,0.327922935,0.166933141,0.096153535,0.28482147,0.317720006,0.170431855,0.25914429,0.316554973,0.07435251,0.187855772,0.243967548,0.093540456,0.11285339,0.183206332,0.092131699,0.130593479,0.103706053,0.093481252,0.068112138,0.178400468,0.124724927,0.257083258,1,0.113166335,0.097083933,0.093214214,0.071600387,0.071532244,0.126614738,0.257796186,0.140472003,0.320514091,0,0.186190509,0.04253125,0.260441042,0.147387422,0.075909479,0.048491601,0.06675417,0.116026806,0.093043729,0.291053847,0.281091389,0.016890921,0.189287067,0.08583915,0,0.069442541,0.074420494,0.125048517,0.071003989,0.076789362,0.120444203,0.061635797,0.055127379,0.072675666,0.080319253,0.084852776,0.068279291,0.099449882,0.259516653,0.142302958,0.140949579,0,0.138375714,0.10948412,0.097202257,0.108451965,0.05871764,0.060094636,0.062834207,0.09736426,0.072221487,0.075656416,0.141582071,0.011242474,0.080070916,0.062984337,0.068411246,0.032844656,0.094509038,0.067704083,0.070580878,1,0.031795387,0.04865089,0.079587648,0.038138416,0.079750681,0.03842472,0.211460517,0.071478731,0.049112302,0.062913137,0.047616875,0.044391566,0.068239125,0.096047395,0.054570045,0.062469671,0.049427798,0.077228526,0.015184835,0.129552627,0.104858318,0.050884974,0.067513791
12175426,0.042094405,0.04965449,0.03896273,0.157100682,0.143530579,0.027257891,0.059488038,0.085208807,0.037217945,0.036778561,0.097450266,0.080231129,0.089252879,0.049500818,0.137939504,0.177086501,0.138325974,0.075698998,0.199058956,0.165713664,0.147248762,0.10060438,0.134162637,0.173190855,0.183230775,0.059044495,0.215603592,0.109916655,0.09827859,0.234003109,0.188510058,0.214193983,0.132831078,0.18210655,0.177361402,0.097365143,0.142164306,0.214093568,0.143752611,1,0.187827082,0.227175885,0.172715192,0.107440583,0.23458917,0.12788232,0.208138576,0.147976438,0.001690908,0.109736641,0.067262112,0.156760898,0.146980953,0.101314486,0.039972316,0.078298044,0.141722795,0.097026966,0.175805882,0.151048727,0.005893059,0.096253084,0.151642929,0.079481224,0.157322502,0.198005576,0.118595168,0.140675217,0.167835375,0.210726293,0.20673093,0.1278702,0.143855536,0.200505292,0.190919063,0.138071364,0.159853168,0.132949761,0.149364419,0.134262026,0.065421803,0.130140026,0.148719627,0.18988839,0.16541305,0.078117976,0.108415965,0.14405924,0.165164306,0.117027266,0.136756799,0.093583236,0,0.285013712,0.13037916,0.109845325,0.076184517,0.170174008,0.156549927,0.211917695,0.11419537,1,0.112847721,0.146183128,0.122866122,0.143324976,0.084176162,0.136670636,0.157863801,0.014841678,0.134759965,0,0.074344454,0.15986296,0.1321101,0.126577441,0.125948444,0.071467562,0.13651923,0.038731338,0.160702172,0.206308559,0.153654599,0.094721955
12184807,0.064825708,0.04406623,0.043776143,0.097073454,0.11287964,0.050378848,0.050502752,0.110773364,0.033925045,0.04684322,0.079934237,0.068414553,0.065057528,0.05277974,0.12707285,0.152336886,0.107250815,0.07033181,0.225119171,0.147107907,0.087853847,0.10325507,0.168221823,0.146553593,0.39872602,0.074020812,0.168344942,0.284660881,0.108045497,0.28803088,0.539601817,0.135540026,0.143725617,0.427964286,0.410699619,0.113119019,0.37410071,0.128924611,0.121709805,0.242784004,1,0.423147185,0.411830978,0.269952774,0.475991894,0.168628187,0.432264338,0.108149381,0,0.126239319,0.20540045,0.10988263,0.210155678,0.296547923,0.14112752,0.222804651,0.421946282,0.276766789,0.173661748,0.108263201,0.017091462,0.089090231,0.176651522,0.035994,0.174310254,0.181465103,0.147486541,0.266355114,0.1581827,0.196921658,0.136053468,0.231723923,0.234040436,0.223060237,0.161866417,0.155703984,0.195824477,0.22795183,0.164245459,0.188222049,0,0.228953893,0.160043698,0.169076203,0.19211621,0.097148562,0.177533848,0.144458087,0.180900406,0.328064973,0.197596482,0.146272793,0.324563553,0.182446905,0.111678772,0.230415474,0.221341622,0.207174665,0.280028227,0.236513085,0.142014893,0.091717353,1,0.228354403,0.325915169,0.227144033,0.209754874,0.146010055,0.284924389,0,0.178007314,0,0.13553917,0.182412524,0.223644192,0.190433317,0.156631174,0.215702807,0.350495838,0.036589062,0.167601315,0.162748437,0.146783403,0.095164083
12184811,0.055714828,0.040047756,0.039801317,0.110952266,0.108621097,0.037560953,0.038052888,0.066874915,0.031597205,0.026736809,0.05898463,0.055219592,0.050917535,0.037274311,0.104197079,0.11784426,0.0829558,0.053697335,0.189525777,0.132092689,0.103698818,0.085448674,0.145205666,0.115814635,0.32194067,0.057504637,0.14939779,0.231788884,0.085290337,0.268419905,0.371350056,0.168965048,0.142403155,0.315337462,0.342954152,0.082344901,0.235770725,0.14961656,0.106163885,0.237930638,0.332813427,1,0.344114412,0.164611005,0.400254573,0.146524706,0.401175851,0.129386631,0,0.120585337,0.211425467,0.089539671,0.162674529,0.2132674,0.096936978,0.204538715,0.257642061,0.166203477,0.140830055,0.08948469,0.006099068,0.088935378,0.144071494,0.032203104,0.14337407,0.146059155,0.124784539,0.220857391,0.126548981,0.226823477,0.144732355,0.16841642,0.134124809,0.200914659,0.129816259,0.150855833,0.140160162,0.143150198,0.141437401,0.177874195,0,0.11583876,0.135442512,0.12101525,0.15678238,0.113974941,0.162282446,0.103394985,0.218092325,0.191559052,0.146353478,0.100414929,0.076881896,0.156180245,0.079933393,0.193999915,0.172142719,0.14817324,0.241063834,0.174447601,0.124534458,0.075024148,0.181915065,1,0.442372496,0.198965591,0.153211297,0.104505797,0.210630667,0.007926424,0.119951008,0.045422967,0.191848018,0.122297595,0.508380468,0.112667673,0.128977583,0.146021038,0.214534259,0.103486873,0.162610389,0.14184596,0.105059316,0.068113106
12225587,0.060593158,0.047346684,0.036694574,0.112262591,0.131315071,0.053747372,0.04294524,0.100105721,0.020232285,0.046059606,0.087448827,0.059327433,0.037553834,0.039785198,0.119583481,0.145084467,0.137877569,0.051344353,0.203934963,0.167260226,0.142655101,0.075661941,0.141204312,0.153549577,0.429764488,0.069997487,0.211575476,0.304895759,0.100922969,0.313415201,0.49431184,0.139475802,0.125042543,0.414219801,0.404888824,0.090673146,0.336872847,0.136866163,0.101651944,0.252074273,0.434476055,0.493738772,1,0.240227131,0.543106424,0.145831794,0.505144071,0.148395071,0,0.122162553,0.238607229,0.122952913,0.285305904,0.276866052,0.107557917,0.302994564,0.353016481,0.216450447,0.204332019,0.113601757,0.008501575,0.120971451,0.152156086,0.088899324,0.1203329,0.109669748,0.124990042,0.120771494,0.116913944,0.137282718,0.108330802,0.109778221,0.105582717,0.120736663,0.131941138,0.129672184,0.116055157,0.112263155,0.116040721,0.115265686,0,0.119011358,0.121001411,0.116719639,0.118769064,0.067065293,0.119669797,0.099724831,0.213658957,0.184759386,0.117407482,0.100977591,0.237507991,0.121445178,0.077096042,0.157048605,0.1504915,0.174893496,0.170163268,0.146037916,0.109076065,0.105847331,0.26650904,0.489200207,1,0.19324031,0.085019205,0.100796212,0.162249232,0,0.115693174,0,0.088399397,0.107994295,0.468977003,0.200553708,0.124399337,0.263450187,0.150611922,0.068239956,0.127364513,0.180190531,0.114437674,0.065695333
12354330,0.054829294,0.045285524,0.04375271,0.170036596,0.106606462,0.045371219,0.040709852,0.083156267,0.026263301,0.040620717,0.091272871,0.101771054,0.077250205,0.03736254,0.140593995,0.184558332,0.157037922,0.084859122,0.15402493,0.186587091,0.138690554,0.123029092,0.192595342,0.175665633,0.286864045,0.110812962,0.207306573,0.242336686,0.173620627,0.209839556,0.323661119,0.114457606,0.099106591,0.326382027,0.269526914,0.116153591,0.427007974,0.176839021,0.147049178,0.186760296,0.37363578,0.290362591,0.274717885,1,0.463808072,0.127603955,0.333722159,0.145085695,0,0.171625912,0.226798433,0.145130488,0.334476199,0.32785624,0.170964108,0.292297332,0.395588884,0.330801234,0.223308227,0.140858334,0.012911023,0.11744704,0.192915717,0.034591555,0.142186411,0.15213325,0.140083375,0.24229404,0.150300566,0.186257217,0.152632558,0.186100048,0.133831775,0.176251392,0.17976975,0.192593021,0.159735752,0.163143393,0.121423409,0.196697988,0,0.140624865,0.152918148,0.13791695,0.156710886,0.079244938,0.297101565,0.117835735,0.168900715,0.245597188,0.155568322,0.094933307,0.106440008,0.175813362,0.123093462,0.334018349,0.185215613,0.172505757,0.323391473,0.18138598,0.154970105,0.090846365,0.179568439,0.239458614,0.194808919,1,0.239438758,0.130826058,0.18816127,0,0.136704069,0,0.104453504,0.129961284,0.288936178,0.240004518,0.226276112,0.283480187,0.234809355,0.111165207,0.147049737,0.185315941,0.119732516,0.088703545
12429061,0.058493987,0.033169497,0.034131781,0.1590411,0.117232747,0.045306314,0.031522916,0.106771163,0.028120971,0.027380393,0.09271456,0.085311236,0.081570459,0.029239929,0.1199023,0.1598285,0.138549846,0.058067667,0.247349872,0.172089156,0.155160235,0.11308935,0.207163542,0.175558559,0.337866543,0.058128056,0.222142608,0.254074376,0.152222459,0.269860359,0.388607545,0.139942337,0.124364229,0.349471475,0.304332188,0.109597189,0.338719982,0.212454448,0.121527946,0.235361854,0.379431653,0.389387391,0.383415587,0.257482917,1,0.149227314,0.399721415,0.120038783,0,0.134049913,0.196438739,0.160297116,0.325692853,0.241986499,0.102343841,0.228115085,0.299026517,0.210076237,0.184729426,0.115268988,0.006105796,0.10968315,0.156283111,0.037285898,0.177083658,0.178687923,0.122224108,0.259888564,0.161957651,0.1934309,0.164637472,0.194998514,0.132892458,0.221148417,0.162429603,0.151850129,0.168843654,0.174634574,0.148865645,0.15598218,0,0.134122232,0.165654335,0.150301718,0.167525995,0.080508338,0.290565139,0.119714387,0.145097109,0.259172838,0.169453256,0.096446827,0.126488222,0.208740322,0.125055938,0.335178547,0.252825557,0.200972657,0.365713667,0.20198163,0.130940049,0.092294726,0.237773233,0.227370102,0.10516134,0.304183338,1,0.121000524,0.349263841,0,0.144639239,0,0.183585429,0.160391397,0.213800968,0.313803164,0.229883627,0.330087948,0.252245223,0.257170424,0.152894364,0.13487185,0.121641408,0.097620389
12429067,0.043342849,0.017916973,0.034826226,0.191053385,0.155494716,0.037667585,0.03687227,0.101645423,0.040933075,0.049841309,0.12346288,0.111580747,0.098146702,0.045508388,0.246475554,0.34173086,0.131032126,0.172567753,0.149247552,0.186041821,0.202701568,0.109989565,0.117160602,0.184116347,0.146091284,0.154911868,0.183607966,0.077941196,0.098171509,0.176188048,0.183236072,0.16424889,0.220947716,0.170011015,0.138704531,0.139325415,0.099006977,0.186636456,0.314717896,0.164049227,0.160382055,0.176695841,0.139348649,0.101761472,0.188261501,1,0.199288219,0.200466154,0,0.17162771,0.059053508,0.163311652,0.096065,0.070151749,0.044191203,0.057281249,0.107023533,0.098754596,0.147687926,0.195381334,0.008756208,0.159278919,0.112913562,0.009457381,0.104267372,0.140584248,0.100612806,0.110340279,0.084264573,0.096451916,0.076131712,0.137142018,0.078777119,0.103964174,0.101189032,0.092479627,0.124940584,0.207572091,0.096249429,0.186723183,0,0.144430188,0.131545722,0.147756461,0.107583275,0.101004264,0.063306501,0.101395644,0.137000225,0.079729016,0.079855346,0.077101541,0,0.109027,0.104973382,0.057061574,0.044485839,0.094134471,0.072717599,0.126358302,0.360081476,0.058444917,0.065894302,0.077180092,0.040176791,0.087441827,0.040478397,1,0.085979723,0.104426069,0.100590173,0,0.043411386,0.07960479,0.085502181,0.095749296,0.073544107,0.050673969,0.091329636,0,0.115867513,0.1180884,0.110504995,0.179204994
12537560,0.051238903,0.035946059,0.032430776,0.147819071,0.159625988,0.039731568,0.045518992,0.083595923,0.028018324,0.039314021,0.077274872,0.092145632,0.054437387,0.058985648,0.180205761,0.142339519,0.137623623,0.077327612,0.217104929,0.166328444,0.119354914,0.108597162,0.151956182,0.16133425,0.34419417,0.106469073,0.169038685,0.192988836,0.099250807,0.275473821,0.38687806,0.136639561,0.151525404,0.33894362,0.326065873,0.089046091,0.239795573,0.145945369,0.132648001,0.205884332,0.35158341,0.403892981,0.364038511,0.175602936,0.405745022,0.164791773,1,0.133817414,0,0.145217488,0.202817488,0.115111727,0.172964109,0.211013156,0.103088406,0.177939627,0.25874491,0.188300529,0.174166146,0.109099891,0.009125263,0.124749326,0.180738743,0.058961505,0.126905039,0.181217824,0.107376272,0.21683188,0.128723242,0.232583486,0.099052524,0.139223039,0.108649569,0.174604193,0.139147276,0.093252372,0.148332455,0.155398284,0.133582366,0.141627367,0,0.133193632,0.116518399,0.132043002,0.125255792,0.070728151,0.168116879,0.105171433,0.159499155,0.266070557,0.168906529,0.084730426,0.071400701,0.16221086,0.081306743,0.220203648,0.15545577,0.138310855,0.224531849,0.177652333,0.125898727,0.081082724,0.254748381,0.217489051,0.157906587,0.151035097,0.279361176,0.116765631,1,0.041114406,0.14080078,0.076213244,0.181157955,0.101285023,0.15850123,0.12902735,0.122613755,0.247985437,0.235726444,0.155119273,0.134320692,0.131385301,0.113776098,0.118717531
12538638,0.022350362,0.01190167,0.031038863,0.219362798,0.220611433,0.020813842,0.024531017,0.103666813,0.025110895,0.022299014,0.148708872,0.087331615,0.070520716,0.070724716,0.219997511,0.338670372,0.229480617,0.089092027,0.076882444,0.396982103,0.261843354,0.154836542,0.222363702,0.208724461,0.078412682,0.166213141,0.208038255,0.089397027,0.103560962,0.182965725,0.084510108,0.117740797,0.087056229,0.104088277,0.075869811,0.138508579,0.10449964,0.233757485,0.305309122,0.134371195,0.083701363,0.114569486,0.087927319,0.071340853,0.123839523,0.144832977,0.132169849,1,0,0.145665347,0.048381975,0.223791987,0.149213467,0.055747384,0.049319437,0.077417442,0.099558383,0.069553982,0.229546405,0.230929155,0.005960566,0.169291991,0.016987991,0.064123135,0.029110988,0.02436037,0.056539805,0.006627399,0.022103197,0.050901933,0.036462934,0.012504546,0.051222323,0.037513639,0.013252733,0.038379307,0.055561354,0.109259994,0.059133886,0.047940365,0.01616111,0.128636121,0.064610037,0.06925611,0.054009022,0.045798818,0,0.035837264,0.057777484,0.016487266,0.010685795,0.01160496,0,0.074719333,0.028157881,0.008555093,0.010536427,0.014883995,0.011772055,0.037648758,0.073545864,0.01271717,0,0.007451759,0,0,0,0.0982877,0.018885895,1,0.018288299,0,0.010364963,0.05160037,0,0,0,0.009858783,0,0,0.05455751,0.036209594,0.009558296,0.072969443
12556960,0,0,0,0,0,0,0,0,0,0.155425337,0,0.133537141,0.085098968,0,0.063188305,0,0,0,0.941754647,0,0,0,0,0,0.046807862,0,0,0,0,0,0,0,0.128883729,0,0,0,0,0,0,0.016974194,0,0,0,0,0,0,0,0,1,0,0,0.050249716,0,0,0,0,0,0,0,0,0,0,0.097589212,0.050498668,0.124772496,0.081590076,0.082102674,0.090497381,0.112664952,0.091162566,0.07395864,0.134568457,0.080820766,0.107728118,0.083182746,0.069044763,0.092292282,0.10242257,0.077409058,0.089869948,0.355653629,0.09948538,0.082471705,0.087409658,0.081084958,0.045786219,0.063544365,0.068083249,0.096143743,0.068591589,0.09312743,0.063303377,0,0.090232656,0.095898917,0.057275974,0.044652988,0.089536218,0.072990824,0.084395879,0.078587286,0.043226485,0.078656568,0.077470084,0.040327749,0.076474564,0.046434844,0.09238927,0.086302778,0.017397899,1,0,0.043574497,0.074138898,0.077431884,0.095976351,0.073820437,0.071808521,0.08652418,0,0.092925034,0.100238985,0.395335891,0.055518083
12615908,0.032378814,0.024392993,0.04052147,0.188992422,0.17992449,0.032429836,0.042000214,0.112698987,0.023111016,0.029738627,0.139682797,0.086537009,0.091080128,0.070792193,0.179405369,0.182869318,0.194097128,0.09709788,0.104060087,0.162128124,0.180968251,0.194819202,0.224526377,0.272988426,0.098048557,0.142397248,0.153112939,0.121891235,0.103219371,0.175263277,0.141782952,0.11997325,0.132130595,0.112208346,0.082405916,0.120543191,0.148428601,0.191433621,0.196705232,0.119841604,0.120589304,0.125117817,0.097717856,0.09183261,0.149056723,0.144482307,0.151342307,0.158645172,0,1,0.068838361,0.209925077,0.117520941,0.094690026,0.055516435,0.10298928,0.160384237,0.108217284,0.24771359,0.134861714,0.006858578,0.137249064,0.056563213,0,0.017447162,0.007171911,0.02698123,0,0,0.022834287,0,0,0.015648802,0.018896641,0,0.027736572,0.029215939,0,0.02754701,0.019803256,0,0.035398258,0.019584065,0,0.047332233,0.048460477,0,0,0.034312006,0,0,0.044809165,0.03869974,0.033747744,0,0.050580434,0,0.027883436,0.011448907,0,0.085142724,0,0,0.034340481,0,0,0,0,0.065789558,0,0,1,0.026584776,0.029046218,0.015927908,0,0.007906746,0,0.046323053,0.018466546,0.084748863,0.011885939,0.006369528,0.045556156
12659637,0.059446471,0.041963829,0.061130622,0.090405737,0.09112544,0.035960343,0.031980026,0.054566488,0.029111226,0.029064258,0.036756382,0.06580041,0.058323528,0.034871967,0.070141105,0.088189789,0.080123238,0.049244082,0.175639756,0.100840139,0.077899971,0.096197743,0.101377789,0.146527023,0.356436619,0.063453374,0.102284317,0.312967411,0.110161828,0.136616371,0.351184778,0.108707618,0.06497849,0.324594799,0.371106767,0.087492333,0.336947477,0.094604416,0.075550823,0.135029724,0.296948607,0.408033117,0.322551713,0.23583508,0.35397352,0.077097177,0.385439437,0.07986182,0,0.11749664,1,0.070371249,0.153101091,0.356382959,0.098436983,0.32651927,0.37126989,0.237043861,0.153813856,0.082268982,0.014370239,0.090609028,0.190536847,0.087352275,0.188011549,0.2444841,0.159079413,0.265142272,0.206776376,0.288466869,0.169259128,0.206260834,0.176964305,0.247098425,0.195628924,0.167850719,0.219756559,0.227242622,0.1979041,0.164176247,0,0.174565283,0.1726236,0.182366086,0.185568167,0.149692461,0.290617562,0.155812914,0.157498535,0.355549822,0.25023733,0.125529283,0.103415579,0.149738743,0.12045705,0.223693328,0.269414552,0.186021327,0.376108903,0.247320489,0.170423548,0.098926604,0.255585139,0.36493943,0.118661992,0.199388771,0.276020869,0.157486871,0.294877315,0.011944865,0.180762308,0.039850928,1,0.171846396,0.234821738,0.169786556,0.245209511,0.133244915,0.247524948,0.136041755,0.194442272,0.17554094,0.158321007,0.102644258
12682085,0.025957905,0.00945635,0.020490384,0.255000041,0.178698641,0.033142345,0.033898925,0.154497339,0.026764536,0.033328591,0.354321269,0.140111214,0.096698484,0.054477869,0.23504065,0.242658075,0.251430561,0.119869134,0.118074949,0.260516439,0.245900393,0.131827681,0.172236623,0.284614101,0.07802826,0.158249352,0.274493517,0.080700837,0.138151566,0.14888879,0.081191342,0.13614826,0.103655075,0.098349636,0.058960065,0.151141042,0.136615507,0.295693481,0.248317434,0.150671521,0.089220274,0.09068146,0.083941998,0.074200637,0.146821621,0.115532279,0.112402897,0.224939359,0.004299,0.191969407,0.048956889,1,0.139534351,0.070117859,0.054663827,0.089604294,0.109582878,0.091952046,0.207741343,0.185764032,0.010896466,0.170957433,0.067468322,0.006144096,0.061104019,0.090617069,0.075453383,0.0533654,0.048252049,0.141288974,0.064099191,0.065974265,0.278424781,0.104855487,0.093012371,0.079050931,0.093167713,0.071163394,0.059105061,0.081560402,0.010556993,0.077350606,0.0577237,0.051575003,0.076002266,0.078208718,0.052878592,0.044065493,0.140188092,0.092439626,0.051878941,0.051913515,0.0098925,0.178251353,0.050186858,0.049464816,0.037179263,0.084275021,0.07402897,0.096060417,0.075706227,0.05395653,0.074889539,0.07588581,0.039151969,0.063700177,0.058296485,0.051846254,0.050579215,0.03458,0.056417956,0.023115382,0.047204923,1,0.050116207,0.048017383,0.054968438,0.045429131,0.049702248,0.01336147,0.106659443,0.055048771,0.05996895,0.038694584
12803655,0.022149904,0.01888286,0.02725619,0.155028013,0.135286361,0.026784044,0.021637239,0.08820815,0.01733588,0.025062062,0.082881236,0.056818212,0.051287718,0.033776508,0.123962871,0.138812547,0.141480249,0.050243781,0.125092369,0.171014153,0.141016689,0.102059993,0.159095613,0.142544578,0.144293428,0.055941465,0.214154042,0.141054632,0.130366876,0.203946063,0.170323796,0.069805805,0.067133644,0.16240611,0.133391683,0.08355311,0.247461377,0.173595227,0.153389487,0.122860482,0.169110964,0.135501877,0.175300892,0.179492597,0.290706451,0.077971147,0.191256865,0.148223474,0,0.101696156,0.086807144,0.135822371,1,0.130976915,0.105825222,0.154348598,0.185076012,0.183336903,0.179467458,0.116308221,0.00707888,0.119347792,0.112112918,0.059876848,0.110627019,0.133097817,0.12469027,0.181359203,0.11930426,0.151977239,0.086347127,0.146069156,0.087652969,0.159787577,0.118204039,0.092975946,0.154430004,0.16389224,0.177490411,0.111838213,0,0.1339674,0.101572666,0.107305198,0.14740438,0.061655901,0.226855103,0.091681167,0.218113172,0.14033462,0.147241008,0.147724227,0.054220043,0.120877549,0.070877584,0.161475776,0.135515568,0.109455962,0.181680046,0.163843467,0.138331509,0.058208953,0.175835381,0.438692213,0.349323461,0.227230832,0.159458326,0.101788186,0.151542897,0,0.106361526,0.015632335,0.120199646,0.088293265,1,0.129242128,0.099406888,0.181308063,0.158823139,0.069716488,0.133465624,0.165730152,0.093156943,0.06039644
12823867,0.063911682,0.050233609,0.053362097,0.129862015,0.101444,0.065004653,0.046213844,0.063992616,0.045286677,0.038349808,0.059311913,0.092439431,0.101819493,0.03057498,0.142787803,0.105443032,0.089724408,0.07449909,0.194424072,0.12886418,0.117157269,0.102665516,0.105497445,0.149754764,0.328307479,0.07494274,0.139069046,0.302562857,0.119789606,0.169116404,0.372440254,0.106847455,0.098901705,0.318615056,0.417564102,0.116762581,0.377096498,0.142963529,0.112078982,0.178154808,0.395634824,0.367563087,0.316351113,0.304968455,0.380230818,0.099013456,0.358215112,0.08380005,0,0.146522546,0.316903146,0.102664321,0.192330606,1,0.148371859,0.290176937,0.456981606,0.272875914,0.147003955,0.089599583,0.01218923,0.089366636,0.208532442,0,0.252249459,0.187534702,0.174103955,0.252999453,0.191127738,0.214179979,0.160607515,0.187720191,0.176168527,0.198009887,0.208348841,0.183804428,0.198453719,0.195177254,0.175720937,0.193307025,0,0.191052415,0.23596879,0.199589979,0.203094486,0.139255869,0.305408393,0.170528945,0.196206841,0.274133555,0.200766187,0.172671158,0.089380077,0.163881088,0.131833833,0.277214758,0.333648456,0.285908232,0.301687882,0.21138739,0.167644819,0.108269905,0.204334223,0.194040267,0.237412404,0.336702539,0.300147977,0.206295432,0.216163624,0,0.254439591,0,0.109141576,0.164227374,0.242987608,1,0.299637892,0.234439392,0.241244858,0.163158526,0.227764532,0.223489546,0.195687831,0.112338679
12930545,0.039518987,0.011213033,0.026507042,0.066057351,0.088426229,0.052248641,0.038552768,0.050822878,0.017589176,0.03614401,0.05786086,0.052154543,0.047789722,0.030202028,0.097804727,0.10376175,0.08558128,0.061691503,0.080425166,0.087091478,0.075563975,0.081523649,0.124495995,0.07492251,0.184324168,0.070138635,0.132306356,0.180769985,0.098520357,0.141471556,0.193890866,0.072752428,0.066320909,0.207492639,0.160885801,0.058171782,0.207707169,0.103287637,0.089984579,0.092189429,0.221131516,0.178991393,0.191707307,0.186899642,0.228952535,0.067700382,0.213271934,0.08773592,0,0.104294871,0.098517104,0.104725197,0.196253221,0.181849509,1,0.155245334,0.188597094,0.142597179,0.127946678,0.062400579,0.013809038,0.091423723,0.21220842,0,0.209395895,0.190840534,0.177173032,0.21015911,0.190022144,0.214881664,0.188510583,0.191029294,0.22381936,0.18860319,0.217879667,0.186941982,0.201952031,0.195353423,0.178818519,0.227171238,0,0.194420257,0.192257728,0.203108321,0.206674604,0.116702888,0.312363006,0.173535003,0.175412345,0.365602063,0.204305262,0.139806925,0.03895781,0.184236744,0.134157779,0.342985995,0.223986772,0.215593873,0.321407699,0.197434338,0.189807444,0.110178471,0.168586742,0.245046894,0.132158553,0.322280012,0.224885888,0.175399356,0.213045013,0,0.201322129,0.014794518,0.217293186,0.180990793,0.197363413,0.297918471,1,0.24207326,0.228909388,0.163711412,0.201336563,0.195506885,0.176328366,0.114318968
12950995,0.025045348,0.032904274,0.042606087,0.127049135,0.151710718,0.054398634,0.054679874,0.089948157,0.040403699,0.051859996,0.158065525,0.092237511,0.063680458,0.060241509,0.124993295,0.147487967,0.129015015,0.074530174,0.099425064,0.110027718,0.108627954,0.112931942,0.134631916,0.177947323,0.313650434,0.111459745,0.177103508,0.26618936,0.127993319,0.193106212,0.342382795,0.11526014,0.105664709,0.278415568,0.245816911,0.095064497,0.336402198,0.154730742,0.125040228,0.169441756,0.312383183,0.369482265,0.339476976,0.293412282,0.372808142,0.09934985,0.311820337,0.120528047,0,0.195676793,0.294133043,0.142794249,0.255783876,0.295170412,0.132348925,1,0.397910376,0.219645778,0.20495742,0.120534218,0.012418951,0.092039877,0.172499375,0.048824719,0.128774041,0.129885558,0.191349931,0.182960824,0.149092145,0.132147672,0.115930016,0.168545328,0.140383611,0.162269522,0.133991381,0.135368016,0.144667962,0.159589567,0.135549709,0.150420503,0,0.13515525,0.129489446,0.137014459,0.14192843,0.071769805,0.368049768,0.106720352,0.181405923,0.261760901,0.140893643,0.099227914,0.193733712,0.151447748,0.082504193,0.246816098,0.225383373,0.145522617,0.26347102,0.188267787,0.12558667,0.067757426,0.207354551,0.197964334,0.285159611,0.312898872,0.298737462,0.12358316,0.25459459,0.010908469,0.149463672,0,0.094600459,0.129005769,0.265132503,0.222999109,0.204931605,1,0.236846391,0.121012696,0.167501876,0.159803509,0.115451743,0.08702448
12962547,0.030073372,0.024775017,0.026526836,0.144568256,0.101777494,0.030893287,0.028001673,0.06967793,0.020231744,0.021254834,0.082893983,0.070926657,0.057407165,0.047202736,0.145325929,0.120609858,0.116719733,0.07524087,0.146584764,0.126155202,0.114082927,0.106246309,0.124184643,0.13817424,0.197724507,0.093495823,0.187527146,0.201266047,0.125703633,0.144138257,0.30995034,0.071518238,0.087349342,0.217082913,0.240868205,0.100398369,0.298536867,0.15107648,0.106281829,0.143161968,0.310290199,0.236316041,0.240162469,0.195323409,0.263793228,0.093330103,0.226605513,0.096231287,0,0.142653175,0.187203933,0.103820974,0.160776652,0.256623832,0.084097392,0.206632285,1,0.204416061,0.144459736,0.125356212,0.006043564,0.113298526,0.18478445,0.021409036,0.103678792,0.130732895,0.130099378,0.183810168,0.20167147,0.124260596,0.080923863,0.15059977,0.088764451,0.164604117,0.113680446,0.113107092,0.138374638,0.123752721,0.097692307,0.123395176,0,0.129737412,0.131449622,0.107876401,0.126207965,0.070165602,0.157149899,0.085922885,0.113321834,0.186750577,0.12980761,0.138004374,0.113600613,0.128641619,0.093767124,0.237327044,0.180822,0.142161408,0.224460277,0.158183959,0.142824541,0.066242908,0.269564452,0.170073129,0.123601417,0.198978333,0.162856934,0.108048618,0.211634345,0,0.119930493,0.054939392,0.104564892,0.087897811,0.13302235,0.159293269,0.150975848,0.17098903,1,0.076768475,0.144908293,0.128413447,0.092952719,0.145453793
12967349,0.04507733,0.024926234,0.046801773,0.180559431,0.117110256,0.044547491,0.047056493,0.133390367,0.033741793,0.020815433,0.101802779,0.088802966,0.086811892,0.046313461,0.131867968,0.153593359,0.127089415,0.069853064,0.149342554,0.142191909,0.101910418,0.113315866,0.162866586,0.141981635,0.252013402,0.113479388,0.202450336,0.193073821,0.159309195,0.14290345,0.254045966,0.104670933,0.08331143,0.242993846,0.198633391,0.102909282,0.37266608,0.178202977,0.126980381,0.140431065,0.283377974,0.220599112,0.179976959,0.251210291,0.275733098,0.104912836,0.266740469,0.104760413,0,0.142559772,0.200067254,0.133215405,0.271134125,0.239743444,0.109022682,0.18709152,0.314580208,1,0.150144098,0.143699303,0.010291772,0.103104489,0,0.09243517,0.044940942,0.102777134,0,0.125834637,0.076528305,0.105650857,0.023821368,0.036761697,0.016929411,0.082280659,0.02226358,0.031424024,0.040664783,0.057903484,0.039520423,0,0,0,0,0,0,0,0.295043625,0,0,0.276642506,0.070683327,0,0.089682673,0.066382309,0.029846629,0.210117086,0.271147246,0,0.28437464,0.074124975,0.018249381,0.040409609,0.11027927,0.169353291,0.105770909,0.121004385,0.376749619,0,0.24130387,0,0,0.028113195,0.151270092,0.013176714,0.088062475,0.154178739,0.137839214,0.176936687,0.117986204,1,0.0487303,0.020220054,0,0
14517204,0.024287523,0.017461062,0.033332969,0.248831107,0.224917819,0.022465226,0.035614925,0.127490279,0.016711473,0.018816561,0.141709055,0.111081497,0.078045853,0.099460586,0.238563364,0.284695989,0.268665737,0.120024694,0.103402955,0.303774764,0.273655111,0.203300843,0.259432987,0.364901052,0.130996716,0.170649815,0.234267249,0.131841472,0.116960336,0.211587175,0.138516642,0.122867478,0.101725472,0.140626725,0.116616967,0.188472399,0.164477263,0.246511875,0.317373189,0.175632924,0.143654346,0.161493159,0.15421117,0.122521825,0.189199101,0.13084185,0.188728655,0.279213499,0,0.275191467,0.106990158,0.24812357,0.194361356,0.103806356,0.073127942,0.11819235,0.17795152,0.118245256,1,0.26765198,0.009954857,0.181644267,0.123626727,0.020903479,0.186286401,0.13903079,0.152488384,0.106281451,0.124421637,0.168143089,0.094966294,0.088087792,0.111265793,0.175706702,0.11768071,0.157048959,0.146293675,0.096854296,0.145641762,0.102285035,0.017958531,0.221813971,0.16751147,0.192585717,0.2032727,0.159906229,0.069962605,0.092963796,0.146516057,0.097096653,0.11324538,0.091412384,0.029930885,0.183448414,0.129792522,0.073492965,0.063209727,0.147659443,0.080363194,0.111642315,0.237890919,0.06458987,0.07282249,0.125133943,0.067116147,0.092992562,0.057515571,0.129068176,0.098012798,0.055549958,0.099576712,0.058493499,0.058256205,0.141846773,0.103731098,0.102243517,0.081276602,0.094468172,0.123924958,0.028564536,1,0.137309137,0.119420525,0.152807213
14557250,0.014844512,0.026806272,0.029136792,0.230808787,0.174425427,0.017289556,0.03896653,0.110199534,0.025109261,0.036260683,0.147782338,0.1016834,0.077376747,0.051696629,0.219216676,0.286320231,0.264048492,0.121499054,0.113965201,0.212407779,0.259517757,0.139787601,0.198492922,0.179897742,0.076886851,0.121835887,0.287764761,0.099315653,0.130028374,0.139687862,0.079730924,0.135498973,0.085964086,0.094834775,0.06367927,0.148881853,0.124407404,0.236520639,0.280270098,0.133963415,0.080736263,0.091932033,0.077311661,0.067719504,0.1194154,0.152299941,0.113911707,0.266933803,0,0.146722174,0.054594144,0.201102507,0.127867123,0.061318446,0.031570093,0.074401665,0.135211856,0.096478994,0.240024412,1,0.009487548,0.134974308,0.117927975,0,0.107489614,0.115194951,0.138913588,0.109906568,0.10971859,0.141561496,0.084206189,0.093012704,0.12956653,0.130086669,0.123492727,0.130434063,0.105080101,0.164932179,0.134527091,0.163776948,0,0.122706954,0.150602838,0.099520951,0.110361806,0.085448662,0.072348935,0.077516716,0.112416155,0.078095491,0.117108027,0.075282525,0,0.099735251,0.08813824,0.065212008,0.050840009,0.141157385,0.083104274,0.134575434,0.167501027,0.096711471,0.075306366,0.119102613,0.098080653,0.126476743,0.046260161,0.127196763,0.11072785,0.046903669,0.101109691,0.020837067,0.049612085,0.080847158,0.130714095,0.105730906,0.084048837,0.074944974,0.109661788,0.014769417,0.142063547,1,0.087254996,0.065639581
14562023,0.138349859,0.070009208,0.137103394,0.140220729,0.221171817,0.137586585,0.272927256,0.138134732,0.118882755,0.135073573,0.139378561,0.209651332,0.25345623,0.136542962,0.188279227,0.194554569,0.212687222,0.200046014,0.791030076,0.19020901,0.191101065,0.140136205,0.140161397,0.243470618,0.172400075,0.191065963,0.201303712,0.139552636,0.185956285,0.139826963,0.13960518,0.190966496,0.218183361,0.139693624,0.13946928,0.139407037,0.139575824,0.200416496,0.205508061,0.139862315,0.17721002,0.13956704,0.139190916,0.1394382,0.139676624,0.139351404,0.189659471,0.140176327,0,0.138602443,0.139000352,0.175669113,0.140341974,0.138402513,0.139797792,0.138942126,0.139908726,0.139971718,0.223442252,0.172638943,1,0.187415967,0.090773183,0.147990098,0.152502796,0.076482818,0.057602808,0.091224922,0.170293562,0.097933996,0.087241129,0.080187733,0.07239716,0.094329024,0.108699765,0.07274543,0.061077061,0.072414312,0.070095224,0.085594676,0.229530094,0.07879077,0.077694159,0.086886933,0.066327172,0.032966041,0.045751892,0.049019884,0.074578232,0.049385889,0.057711817,0.057750279,0,0.118476822,0.043812421,0.058949047,0.032150115,0.058523672,0.058343869,0.088839428,0.04819082,0.062246069,0.047622107,0.055778398,0.041479924,0.055061625,0.029253919,0.090906996,0.062137931,0.003757942,0.282030909,0.008637739,0.031373603,0.065503924,0.055750895,0.069198445,0.053150656,0.036622305,0.057611562,0,0.090304142,0.066571523,1,0.0576453
14581449,0.019860896,0,0.014188378,0.189436145,0.19240768,0.018441492,0.020456002,0.092559032,0.017996325,0.032125389,0.10709661,0.090487941,0.05884773,0.087257971,0.212383205,0.168259378,0.1964417,0.055882491,0.073037819,0.234444584,0.178788541,0.120329459,0.168534808,0.198354801,0.063765928,0.163238198,0.172600076,0.057712545,0.079737375,0.134258244,0.083860844,0.102970468,0.113631928,0.083165499,0.049097843,0.133269206,0.084616509,0.172836137,0.18752234,0.08027067,0.061862027,0.069063309,0.068833069,0.0601876,0.09737574,0.136885402,0.111397817,0.179657786,0,0.125578315,0.050479593,0.169716882,0.113707574,0.057592703,0.044409497,0.048879233,0.099234949,0.065859239,0.148964449,0.13373289,0.009426307,1,0.106294511,0.004669057,0.095647465,0.071530353,0.143530137,0.065619878,0.062724093,0.06112208,0.056670228,0.069338177,0.057343358,0.074886304,0.074151007,0.088896341,0.094385729,0.067102937,0.077023923,0.053199527,0.034003968,0.098744577,0.115357869,0.099719587,0.09995798,0.033954349,0.047123515,0.062616033,0.082610047,0.050866457,0.059441993,0.064377544,0,0.057718174,0.092586353,0.076525774,0.033113962,0.089827382,0.054128861,0.108578552,0.098185721,0.043504694,0.049049798,0.057450611,0.029906433,0.065089148,0.045196409,0.122099305,0.088192841,0.045157042,0.064642718,0.032283149,0.03231417,0.056997746,0.057422283,0.055017486,0.05474409,0.0421579,0.111419426,0,0.121590493,0.066169828,0.089039645,1
